fold_id,family_id,bin_index,edge,fit_role,transform_roles,missing_bin
screening_fold_1,FF01,0,,train,selection|calibration|evaluation,True
screening_fold_1,FF01,1,4.0,train,selection|calibration|evaluation,False
screening_fold_1,FF01,2,5.0,train,selection|calibration|evaluation,False
screening_fold_1,FF02,0,,train,selection|calibration|evaluation,True
screening_fold_1,FF02,1,38.461,train,selection|calibration|evaluation,False
screening_fold_1,FF02,2,42.496,train,selection|calibration|evaluation,False
screening_fold_1,FF02,3,45.318333333333335,train,selection|calibration|evaluation,False
screening_fold_1,FF02,4,47.63666666666666,train,selection|calibration|evaluation,False
screening_fold_1,FF02,5,49.805,train,selection|calibration|evaluation,False
screening_fold_1,FF02,6,51.96,train,selection|calibration|evaluation,False
screening_fold_1,FF02,7,54.39333333333333,train,selection|calibration|evaluation,False
screening_fold_1,FF02,8,57.52333333333333,train,selection|calibration|evaluation,False
screening_fold_1,FF02,9,63.00066666666668,train,selection|calibration|evaluation,False
screening_fold_1,FF03,0,,train,selection|calibration|evaluation,True
screening_fold_1,FF03,1,42.88833333333334,train,selection|calibration|evaluation,False
screening_fold_1,FF03,2,46.441,train,selection|calibration|evaluation,False
screening_fold_1,FF03,3,48.15066666666667,train,selection|calibration|evaluation,False
screening_fold_1,FF03,4,49.43,train,selection|calibration|evaluation,False
screening_fold_1,FF03,5,50.51833333333334,train,selection|calibration|evaluation,False
screening_fold_1,FF03,6,51.526666666666664,train,selection|calibration|evaluation,False
screening_fold_1,FF03,7,52.53,train,selection|calibration|evaluation,False
screening_fold_1,FF03,8,53.63833333333334,train,selection|calibration|evaluation,False
screening_fold_1,FF03,9,55.27200000000001,train,selection|calibration|evaluation,False
screening_fold_1,FF04,0,,train,selection|calibration|evaluation,True
screening_fold_1,FF04,1,6.691666666666666,train,selection|calibration|evaluation,False
screening_fold_1,FF04,2,6.723333333333334,train,selection|calibration|evaluation,False
screening_fold_1,FF04,3,6.75,train,selection|calibration|evaluation,False
screening_fold_1,FF04,4,6.773333333333333,train,selection|calibration|evaluation,False
screening_fold_1,FF04,5,6.798333333333333,train,selection|calibration|evaluation,False
screening_fold_1,FF04,6,6.823333333333333,train,selection|calibration|evaluation,False
screening_fold_1,FF04,7,6.853333333333333,train,selection|calibration|evaluation,False
screening_fold_1,FF04,8,6.890000000000001,train,selection|calibration|evaluation,False
screening_fold_1,FF04,9,6.9433333333333325,train,selection|calibration|evaluation,False
screening_fold_1,FF05,0,,train,selection|calibration|evaluation,True
screening_fold_1,FF05,1,1.0,train,selection|calibration|evaluation,False
screening_fold_1,FF05,2,2.0,train,selection|calibration|evaluation,False
screening_fold_1,FF05,3,3.0,train,selection|calibration|evaluation,False
screening_fold_1,FF05,4,5.0,train,selection|calibration|evaluation,False
screening_fold_1,FF06,0,,train,selection|calibration|evaluation,True
screening_fold_1,FF06,1,0.36254864313811846,train,selection|calibration|evaluation,False
screening_fold_1,FF06,2,0.40939855332075764,train,selection|calibration|evaluation,False
screening_fold_1,FF06,3,0.4416019399282771,train,selection|calibration|evaluation,False
screening_fold_1,FF06,4,0.4694105670253944,train,selection|calibration|evaluation,False
screening_fold_1,FF06,5,0.49576089255266026,train,selection|calibration|evaluation,False
screening_fold_1,FF06,6,0.5228000467738206,train,selection|calibration|evaluation,False
screening_fold_1,FF06,7,0.552591704369701,train,selection|calibration|evaluation,False
screening_fold_1,FF06,8,0.5896488640643156,train,selection|calibration|evaluation,False
screening_fold_1,FF06,9,0.6425155402349932,train,selection|calibration|evaluation,False
screening_fold_1,FF07,0,,train,selection|calibration|evaluation,True
screening_fold_1,FF07,1,0.0,train,selection|calibration|evaluation,False
screening_fold_1,FF08,0,,train,selection|calibration|evaluation,True
screening_fold_1,FF08,1,1.0,train,selection|calibration|evaluation,False
screening_fold_2,FF01,0,,train,selection|calibration|evaluation,True
screening_fold_2,FF01,1,4.0,train,selection|calibration|evaluation,False
screening_fold_2,FF01,2,5.0,train,selection|calibration|evaluation,False
screening_fold_2,FF02,0,,train,selection|calibration|evaluation,True
screening_fold_2,FF02,1,38.48433333333334,train,selection|calibration|evaluation,False
screening_fold_2,FF02,2,42.48766666666667,train,selection|calibration|evaluation,False
screening_fold_2,FF02,3,45.31066666666666,train,selection|calibration|evaluation,False
screening_fold_2,FF02,4,47.647000000000006,train,selection|calibration|evaluation,False
screening_fold_2,FF02,5,49.79333333333333,train,selection|calibration|evaluation,False
screening_fold_2,FF02,6,51.947999999999986,train,selection|calibration|evaluation,False
screening_fold_2,FF02,7,54.324999999999996,train,selection|calibration|evaluation,False
screening_fold_2,FF02,8,57.39233333333333,train,selection|calibration|evaluation,False
screening_fold_2,FF02,9,62.792,train,selection|calibration|evaluation,False
screening_fold_2,FF03,0,,train,selection|calibration|evaluation,True
screening_fold_2,FF03,1,43.330000000000005,train,selection|calibration|evaluation,False
screening_fold_2,FF03,2,46.54666666666667,train,selection|calibration|evaluation,False
screening_fold_2,FF03,3,48.195,train,selection|calibration|evaluation,False
screening_fold_2,FF03,4,49.43166666666667,train,selection|calibration|evaluation,False
screening_fold_2,FF03,5,50.49666666666667,train,selection|calibration|evaluation,False
screening_fold_2,FF03,6,51.48166666666666,train,selection|calibration|evaluation,False
screening_fold_2,FF03,7,52.49666666666667,train,selection|calibration|evaluation,False
screening_fold_2,FF03,8,53.625,train,selection|calibration|evaluation,False
screening_fold_2,FF03,9,55.28866666666667,train,selection|calibration|evaluation,False
screening_fold_2,FF04,0,,train,selection|calibration|evaluation,True
screening_fold_2,FF04,1,6.696666666666665,train,selection|calibration|evaluation,False
screening_fold_2,FF04,2,6.728333333333334,train,selection|calibration|evaluation,False
screening_fold_2,FF04,3,6.756666666666667,train,selection|calibration|evaluation,False
screening_fold_2,FF04,4,6.781666666666666,train,selection|calibration|evaluation,False
screening_fold_2,FF04,5,6.8066666666666675,train,selection|calibration|evaluation,False
screening_fold_2,FF04,6,6.833333333333333,train,selection|calibration|evaluation,False
screening_fold_2,FF04,7,6.864999999999999,train,selection|calibration|evaluation,False
screening_fold_2,FF04,8,6.901666666666667,train,selection|calibration|evaluation,False
screening_fold_2,FF04,9,6.960000000000001,train,selection|calibration|evaluation,False
screening_fold_2,FF05,0,,train,selection|calibration|evaluation,True
screening_fold_2,FF05,1,1.0,train,selection|calibration|evaluation,False
screening_fold_2,FF05,2,2.0,train,selection|calibration|evaluation,False
screening_fold_2,FF05,3,3.0,train,selection|calibration|evaluation,False
screening_fold_2,FF05,4,5.0,train,selection|calibration|evaluation,False
screening_fold_2,FF06,0,,train,selection|calibration|evaluation,True
screening_fold_2,FF06,1,0.36407156851758943,train,selection|calibration|evaluation,False
screening_fold_2,FF06,2,0.4104916192907819,train,selection|calibration|evaluation,False
screening_fold_2,FF06,3,0.44268172962973784,train,selection|calibration|evaluation,False
screening_fold_2,FF06,4,0.4702608655919567,train,selection|calibration|evaluation,False
screening_fold_2,FF06,5,0.49615824757477706,train,selection|calibration|evaluation,False
screening_fold_2,FF06,6,0.5228571992084575,train,selection|calibration|evaluation,False
screening_fold_2,FF06,7,0.5518622649929262,train,selection|calibration|evaluation,False
screening_fold_2,FF06,8,0.5886534048160108,train,selection|calibration|evaluation,False
screening_fold_2,FF06,9,0.6407727806011385,train,selection|calibration|evaluation,False
screening_fold_2,FF07,0,,train,selection|calibration|evaluation,True
screening_fold_2,FF07,1,0.0,train,selection|calibration|evaluation,False
screening_fold_2,FF08,0,,train,selection|calibration|evaluation,True
screening_fold_2,FF08,1,1.0,train,selection|calibration|evaluation,False
screening_fold_3,FF01,0,,train,selection|calibration|evaluation,True
screening_fold_3,FF01,1,4.0,train,selection|calibration|evaluation,False
screening_fold_3,FF01,2,5.0,train,selection|calibration|evaluation,False
screening_fold_3,FF02,0,,train,selection|calibration|evaluation,True
screening_fold_3,FF02,1,38.45666666666667,train,selection|calibration|evaluation,False
screening_fold_3,FF02,2,42.46666666666666,train,selection|calibration|evaluation,False
screening_fold_3,FF02,3,45.28666666666667,train,selection|calibration|evaluation,False
screening_fold_3,FF02,4,47.60966666666667,train,selection|calibration|evaluation,False
screening_fold_3,FF02,5,49.75833333333333,train,selection|calibration|evaluation,False
screening_fold_3,FF02,6,51.91833333333333,train,selection|calibration|evaluation,False
screening_fold_3,FF02,7,54.288333333333334,train,selection|calibration|evaluation,False
screening_fold_3,FF02,8,57.35333333333333,train,selection|calibration|evaluation,False
screening_fold_3,FF02,9,62.79833333333333,train,selection|calibration|evaluation,False
screening_fold_3,FF03,0,,train,selection|calibration|evaluation,True
screening_fold_3,FF03,1,43.35616666666667,train,selection|calibration|evaluation,False
screening_fold_3,FF03,2,46.531666666666666,train,selection|calibration|evaluation,False
screening_fold_3,FF03,3,48.166666666666664,train,selection|calibration|evaluation,False
screening_fold_3,FF03,4,49.38999999999999,train,selection|calibration|evaluation,False
screening_fold_3,FF03,5,50.43,train,selection|calibration|evaluation,False
screening_fold_3,FF03,6,51.405,train,selection|calibration|evaluation,False
screening_fold_3,FF03,7,52.42666666666667,train,selection|calibration|evaluation,False
screening_fold_3,FF03,8,53.55333333333334,train,selection|calibration|evaluation,False
screening_fold_3,FF03,9,55.22050000000001,train,selection|calibration|evaluation,False
screening_fold_3,FF04,0,,train,selection|calibration|evaluation,True
screening_fold_3,FF04,1,6.6933333333333325,train,selection|calibration|evaluation,False
screening_fold_3,FF04,2,6.726666666666667,train,selection|calibration|evaluation,False
screening_fold_3,FF04,3,6.753333333333333,train,selection|calibration|evaluation,False
screening_fold_3,FF04,4,6.778333333333332,train,selection|calibration|evaluation,False
screening_fold_3,FF04,5,6.803333333333332,train,selection|calibration|evaluation,False
screening_fold_3,FF04,6,6.829999999999999,train,selection|calibration|evaluation,False
screening_fold_3,FF04,7,6.859999999999999,train,selection|calibration|evaluation,False
screening_fold_3,FF04,8,6.8983333333333325,train,selection|calibration|evaluation,False
screening_fold_3,FF04,9,6.951666666666668,train,selection|calibration|evaluation,False
screening_fold_3,FF05,0,,train,selection|calibration|evaluation,True
screening_fold_3,FF05,1,1.0,train,selection|calibration|evaluation,False
screening_fold_3,FF05,2,2.0,train,selection|calibration|evaluation,False
screening_fold_3,FF05,3,3.0,train,selection|calibration|evaluation,False
screening_fold_3,FF05,4,5.0,train,selection|calibration|evaluation,False
screening_fold_3,FF06,0,,train,selection|calibration|evaluation,True
screening_fold_3,FF06,1,0.3646093215553031,train,selection|calibration|evaluation,False
screening_fold_3,FF06,2,0.41069904525706535,train,selection|calibration|evaluation,False
screening_fold_3,FF06,3,0.4423930521344356,train,selection|calibration|evaluation,False
screening_fold_3,FF06,4,0.46979170922197144,train,selection|calibration|evaluation,False
screening_fold_3,FF06,5,0.4953783028848062,train,selection|calibration|evaluation,False
screening_fold_3,FF06,6,0.5219978824192619,train,selection|calibration|evaluation,False
screening_fold_3,FF06,7,0.5507110883321074,train,selection|calibration|evaluation,False
screening_fold_3,FF06,8,0.5870196733418749,train,selection|calibration|evaluation,False
screening_fold_3,FF06,9,0.6381079218132316,train,selection|calibration|evaluation,False
screening_fold_3,FF07,0,,train,selection|calibration|evaluation,True
screening_fold_3,FF07,1,0.0,train,selection|calibration|evaluation,False
screening_fold_3,FF08,0,,train,selection|calibration|evaluation,True
screening_fold_3,FF08,1,1.0,train,selection|calibration|evaluation,False
screening_fold_4,FF01,0,,train,selection|calibration|evaluation,True
screening_fold_4,FF01,1,4.0,train,selection|calibration|evaluation,False
screening_fold_4,FF01,2,5.0,train,selection|calibration|evaluation,False
screening_fold_4,FF02,0,,train,selection|calibration|evaluation,True
screening_fold_4,FF02,1,38.453,train,selection|calibration|evaluation,False
screening_fold_4,FF02,2,42.453,train,selection|calibration|evaluation,False
screening_fold_4,FF02,3,45.25783333333333,train,selection|calibration|evaluation,False
screening_fold_4,FF02,4,47.574999999999996,train,selection|calibration|evaluation,False
screening_fold_4,FF02,5,49.719166666666666,train,selection|calibration|evaluation,False
screening_fold_4,FF02,6,51.876666666666665,train,selection|calibration|evaluation,False
screening_fold_4,FF02,7,54.26166666666667,train,selection|calibration|evaluation,False
screening_fold_4,FF02,8,57.35999999999999,train,selection|calibration|evaluation,False
screening_fold_4,FF02,9,62.760333333333364,train,selection|calibration|evaluation,False
screening_fold_4,FF03,0,,train,selection|calibration|evaluation,True
screening_fold_4,FF03,1,43.593333333333334,train,selection|calibration|evaluation,False
screening_fold_4,FF03,2,46.66133333333333,train,selection|calibration|evaluation,False
screening_fold_4,FF03,3,48.26950000000001,train,selection|calibration|evaluation,False
screening_fold_4,FF03,4,49.473333333333336,train,selection|calibration|evaluation,False
screening_fold_4,FF03,5,50.498333333333335,train,selection|calibration|evaluation,False
screening_fold_4,FF03,6,51.467333333333336,train,selection|calibration|evaluation,False
screening_fold_4,FF03,7,52.461666666666666,train,selection|calibration|evaluation,False
screening_fold_4,FF03,8,53.583333333333336,train,selection|calibration|evaluation,False
screening_fold_4,FF03,9,55.22333333333333,train,selection|calibration|evaluation,False
screening_fold_4,FF04,0,,train,selection|calibration|evaluation,True
screening_fold_4,FF04,1,6.691666666666666,train,selection|calibration|evaluation,False
screening_fold_4,FF04,2,6.723333333333334,train,selection|calibration|evaluation,False
screening_fold_4,FF04,3,6.75,train,selection|calibration|evaluation,False
screening_fold_4,FF04,4,6.7749999999999995,train,selection|calibration|evaluation,False
screening_fold_4,FF04,5,6.8,train,selection|calibration|evaluation,False
screening_fold_4,FF04,6,6.826666666666667,train,selection|calibration|evaluation,False
screening_fold_4,FF04,7,6.856666666666668,train,selection|calibration|evaluation,False
screening_fold_4,FF04,8,6.8950000000000005,train,selection|calibration|evaluation,False
screening_fold_4,FF04,9,6.948333333333333,train,selection|calibration|evaluation,False
screening_fold_4,FF05,0,,train,selection|calibration|evaluation,True
screening_fold_4,FF05,1,1.0,train,selection|calibration|evaluation,False
screening_fold_4,FF05,2,2.0,train,selection|calibration|evaluation,False
screening_fold_4,FF05,3,3.0,train,selection|calibration|evaluation,False
screening_fold_4,FF05,4,4.0,train,selection|calibration|evaluation,False
screening_fold_4,FF05,5,5.0,train,selection|calibration|evaluation,False
screening_fold_4,FF06,0,,train,selection|calibration|evaluation,True
screening_fold_4,FF06,1,0.36577563113169165,train,selection|calibration|evaluation,False
screening_fold_4,FF06,2,0.4112519336798936,train,selection|calibration|evaluation,False
screening_fold_4,FF06,3,0.44268208309700097,train,selection|calibration|evaluation,False
screening_fold_4,FF06,4,0.46984330577472044,train,selection|calibration|evaluation,False
screening_fold_4,FF06,5,0.49523551241508534,train,selection|calibration|evaluation,False
screening_fold_4,FF06,6,0.5219680695334603,train,selection|calibration|evaluation,False
screening_fold_4,FF06,7,0.5507676480586878,train,selection|calibration|evaluation,False
screening_fold_4,FF06,8,0.5870473353044828,train,selection|calibration|evaluation,False
screening_fold_4,FF06,9,0.6381417111952292,train,selection|calibration|evaluation,False
screening_fold_4,FF07,0,,train,selection|calibration|evaluation,True
screening_fold_4,FF07,1,0.0,train,selection|calibration|evaluation,False
screening_fold_4,FF08,0,,train,selection|calibration|evaluation,True
screening_fold_4,FF08,1,1.0,train,selection|calibration|evaluation,False
