family_id,family_name,fold_id,bin_index,race_count,pooled_b3_calibrated_ll,winner_stage_ll,second_stage_ll,third_stage_ll,rank_mean,Hit@1,Hit@5,catastrophic_rate,abnormal_tail_rate,B3_B2_delta,support_gate
FF01,race_context,screening_fold_1,0,0,,,,,,,,,,,eligible_support>=250
FF01,race_context,screening_fold_1,1,1758,4.120531228690129,1.2998788238913743,1.460906651044664,1.35974575375409,24.756541524459614,0.07053469852104664,0.26621160409556316,0.006825938566552901,0.0,-0.0142205020494812,eligible_support>=250
FF01,race_context,screening_fold_1,2,11064,4.16334896944652,1.34818880478102,1.4636837899470758,1.3514763747184242,26.60159074475777,0.06932393347794649,0.26102675343456255,0.005603759942154736,0.0,-0.02714147166979092,eligible_support>=250
FF01,race_context,screening_fold_2,0,0,,,,,,,,,,,eligible_support>=250
FF01,race_context,screening_fold_2,1,1945,4.126319314318798,1.3014509420246663,1.4752010036160579,1.3496673686780736,25.58046272493573,0.08277634961439588,0.2781491002570694,0.011825192802056555,0.0,-0.009189437905326218,eligible_support>=250
FF01,race_context,screening_fold_2,2,11008,4.137610931739972,1.3231589577297747,1.465978801277583,1.3484731727326138,25.976653343023255,0.07040334302325581,0.26698764534883723,0.005450581395348837,0.0,-0.025293616902184776,eligible_support>=250
FF01,race_context,screening_fold_3,0,0,,,,,,,,,,,eligible_support>=250
FF01,race_context,screening_fold_3,1,1918,4.192859327340846,1.3447745939842104,1.4968118557438264,1.3512728776128098,26.65276329509906,0.05995828988529719,0.24869655891553702,0.0072992700729927005,0.0,-0.0051580913091006115,eligible_support>=250
FF01,race_context,screening_fold_3,2,11251,4.178557519627923,1.3393045248489384,1.4837848162329152,1.3554681785460698,26.811305661718958,0.06799395609279175,0.25304417385121325,0.008088169940449738,0.0,-0.026611851198741845,eligible_support>=250
FF01,race_context,screening_fold_4,0,0,,,,,,,,,,,eligible_support>=250
FF01,race_context,screening_fold_4,1,2061,4.079806329678563,1.2740307438270029,1.4632909903549314,1.3424845954966287,24.076176613294518,0.07569141193595343,0.27559437166424067,0.00727802037845706,0.0,-0.007856933615636092,eligible_support>=250
FF01,race_context,screening_fold_4,2,10227,4.142833794700348,1.3225467896278207,1.4704536874884682,1.3498333175840587,26.071379681235943,0.07362863009680258,0.26518040481079497,0.004595678106971741,0.0,-0.023966126126653334,eligible_support>=250
FF02,racer_official_snapshot,screening_fold_1,0,0,,,,,,,,,,,eligible_support>=250
FF02,racer_official_snapshot,screening_fold_1,1,1294,4.135101069877363,1.3461455892892806,1.4467031042121348,1.3422523763759475,25.230293663060277,0.07805255023183925,0.26197836166924265,0.0030911901081916537,0.0,-0.030081982641530572,eligible_support>=250
FF02,racer_official_snapshot,screening_fold_1,2,1323,4.187705730987527,1.3971823380482193,1.456279382610674,1.3342440103286333,27.49357520786092,0.07029478458049887,0.2781557067271353,0.0045351473922902496,0.0,-0.021681524106685987,eligible_support>=250
FF02,racer_official_snapshot,screening_fold_1,3,1356,4.192689207490565,1.3926089324211348,1.4425662461793238,1.3575140288901062,27.100294985250738,0.06415929203539823,0.24410029498525074,0.003687315634218289,0.0,-0.02297485410385607,eligible_support>=250
FF02,racer_official_snapshot,screening_fold_1,4,1293,4.268968966469203,1.4219269721617005,1.4875797543285063,1.359462239978997,29.195668986852283,0.06264501160092807,0.22505800464037123,0.007733952049497293,0.0,-0.03276452245423704,eligible_support>=250
FF02,racer_official_snapshot,screening_fold_1,5,1335,4.284726861212115,1.4127350346405534,1.500768933996349,1.371222892575213,29.695880149812734,0.056179775280898875,0.22172284644194756,0.00599250936329588,0.0,-0.03054805352717904,eligible_support>=250
FF02,racer_official_snapshot,screening_fold_1,6,1274,4.239493733770298,1.3823883699838537,1.4984398291022867,1.3586655346841576,27.959968602825747,0.04631083202511774,0.23783359497645212,0.007849293563579277,0.0,-0.031108634761565824,eligible_support>=250
FF02,racer_official_snapshot,screening_fold_1,7,1231,4.169997435141325,1.36290450344849,1.4567942796123088,1.350298652080526,26.943135662063362,0.06011372867587327,0.26563769293257516,0.005686433793663688,0.0,-0.019640837383907643,eligible_support>=250
FF02,racer_official_snapshot,screening_fold_1,8,1202,4.084918830144165,1.3136654318690135,1.4348835293365747,1.3363698689385772,24.856073211314477,0.09484193011647254,0.2911813643926789,0.0074875207986688855,0.0,-0.02421849913738846,eligible_support>=250
FF02,racer_official_snapshot,screening_fold_1,9,1308,3.9355343288788243,1.1501529109558188,1.443870028015412,1.3415113899075937,21.37308868501529,0.0863914373088685,0.32186544342507645,0.005351681957186544,0.0,-0.03210309099096523,eligible_support>=250
FF02,racer_official_snapshot,screening_fold_1,10,1206,4.061960561580893,1.2238048427575077,1.463561215613357,1.3745945032100284,23.264510779436154,0.0779436152570481,0.2736318407960199,0.006633499170812604,0.0,-0.0070234756087716645,eligible_support>=250
FF02,racer_official_snapshot,screening_fold_2,0,0,,,,,,,,,,,eligible_support>=250
FF02,racer_official_snapshot,screening_fold_2,1,1223,4.107848986491389,1.3581998036555232,1.4294066172980298,1.3202425655378365,25.109566639411284,0.07522485690923958,0.285363859362224,0.006541291905151268,0.0,-0.015254090659264578,eligible_support>=250
FF02,racer_official_snapshot,screening_fold_2,2,1330,4.174373448354611,1.3625312852057956,1.4686198354458437,1.3432223277029722,26.624812030075187,0.07819548872180451,0.2511278195488722,0.0030075187969924814,0.0,-0.023914909962678563,eligible_support>=250
FF02,racer_official_snapshot,screening_fold_2,3,1299,4.210847308464143,1.4024707336904592,1.4761976132093757,1.3321789615643078,28.141647421093147,0.07159353348729793,0.24788298691301,0.005388760585065435,0.0,-0.035657545269707124,eligible_support>=250
FF02,racer_official_snapshot,screening_fold_2,4,1355,4.188443200934513,1.3524134115317552,1.4792579705893567,1.3567718188134008,27.149815498154982,0.07232472324723248,0.24797047970479705,0.006642066420664207,0.0,-0.019051910265533756,eligible_support>=250
FF02,racer_official_snapshot,screening_fold_2,5,1288,4.2502171102555275,1.3837599155584202,1.509152632462847,1.35730456223426,28.17080745341615,0.052795031055900624,0.234472049689441,0.006987577639751553,0.0,-0.0287232045777797,eligible_support>=250
FF02,racer_official_snapshot,screening_fold_2,6,1256,4.25532193942736,1.391821623826356,1.494110639478815,1.3693896761221895,29.414012738853504,0.06449044585987261,0.2356687898089172,0.006369426751592357,0.0,-0.024156920960848878,eligible_support>=250
FF02,racer_official_snapshot,screening_fold_2,7,1318,4.172186490043632,1.3513718814609763,1.4695365903404587,1.3512780182421975,26.906676783004553,0.07132018209408195,0.26176024279210924,0.009104704097116844,0.0,-0.01676841494863884,eligible_support>=250
FF02,racer_official_snapshot,screening_fold_2,8,1327,4.094414357452733,1.271627274595254,1.4622639048473507,1.3605231780101277,24.678975131876413,0.06254709871891484,0.28334589299171065,0.0037678975131876413,0.0,-0.022568834021475144,eligible_support>=250
FF02,racer_official_snapshot,screening_fold_2,9,1379,3.946112331476743,1.1751488958750231,1.4286422604233846,1.3423211751783346,21.613488034807833,0.08556925308194344,0.3255982596084119,0.010877447425670777,0.0,-0.028705447852429705,eligible_support>=250
FF02,racer_official_snapshot,screening_fold_2,10,1178,3.9546540491836017,1.1456559191113864,1.4563616417387955,1.3526364883334199,21.219015280135824,0.08913412563667232,0.3149405772495755,0.0050933786078098476,0.0,-0.012510621632434759,eligible_support>=250
FF02,racer_official_snapshot,screening_fold_3,0,0,,,,,,,,,,,eligible_support>=250
FF02,racer_official_snapshot,screening_fold_3,1,1282,4.163430884240972,1.3601708773341024,1.4794848964345926,1.3237751104722772,26.026521060842434,0.0717628705148206,0.27223088923556943,0.0093603744149766,0.0,-0.011945725250599691,eligible_support>=250
FF02,racer_official_snapshot,screening_fold_3,2,1349,4.235183597891926,1.3814383530226941,1.4988053444608778,1.3549399004083549,27.902149740548555,0.05707931801334322,0.23202372127501852,0.005930318754633061,0.0,-0.034665523787956364,eligible_support>=250
FF02,racer_official_snapshot,screening_fold_3,3,1398,4.217362794095189,1.3902813437104917,1.4778083291250985,1.3492731212595985,27.826180257510728,0.06938483547925609,0.23605150214592274,0.006437768240343348,0.0,-0.023391356134003928,eligible_support>=250
FF02,racer_official_snapshot,screening_fold_3,4,1333,4.258669338962207,1.4128675506526556,1.4750314644637674,1.3707703238457845,28.740435108777195,0.056264066016504126,0.23030757689422354,0.006001500375093774,0.0,-0.041497416184411245,eligible_support>=250
FF02,racer_official_snapshot,screening_fold_3,5,1384,4.311693891743629,1.435634805370626,1.5029216176115605,1.3731374687614428,30.278901734104046,0.057803468208092484,0.2073699421965318,0.0072254335260115606,0.0,-0.030308973955469137,eligible_support>=250
FF02,racer_official_snapshot,screening_fold_3,6,1339,4.315764440542416,1.4352370601775626,1.5037744431712,1.3767529371936533,30.34802091112771,0.05451829723674384,0.22404779686333084,0.011202389843166542,0.0,-0.026913290155494683,eligible_support>=250
FF02,racer_official_snapshot,screening_fold_3,7,1333,4.199814130042629,1.352204506898698,1.4964752874931933,1.351134335650738,27.40285071267817,0.07126781695423856,0.2528132033008252,0.00900225056264066,0.0,-0.017163704847489802,eligible_support>=250
FF02,racer_official_snapshot,screening_fold_3,8,1314,4.114034177502595,1.258307557674053,1.5011738408242379,1.3545527790043044,25.206240487062406,0.07534246575342465,0.2617960426179604,0.00684931506849315,0.0,-0.02048380839674982,eligible_support>=250
FF02,racer_official_snapshot,screening_fold_3,9,1262,3.991904497500312,1.1861459273217014,1.4558889783748235,1.3498695918037873,22.129160063391442,0.07290015847860538,0.3050713153724247,0.008716323296354992,0.0,-0.01958364478406095,eligible_support>=250
FF02,racer_official_snapshot,screening_fold_3,10,1175,3.951680688126444,1.1506432518038894,1.4603350635217769,1.3407023728007776,20.798297872340427,0.0851063829787234,0.31659574468085105,0.009361702127659575,0.0,-0.005713834870149008,eligible_support>=250
FF02,racer_official_snapshot,screening_fold_4,0,8967,4.1298453475294234,1.3144324625413564,1.468856090671695,1.3465567943163714,25.68384074941452,0.07605665216906435,0.27032452325192374,0.005018400802944129,0.0,-0.020697048998589696,eligible_support>=250
FF02,racer_official_snapshot,screening_fold_4,1,266,4.218912825760994,1.396600883744245,1.5010949169484955,1.321217025068254,27.026315789473685,0.05263157894736842,0.22556390977443608,0.0,0.0,-0.0004911988995629526,eligible_support>=250
FF02,racer_official_snapshot,screening_fold_4,2,306,4.137235540444381,1.3702632211977193,1.4229895317933947,1.343982787453267,25.584967320261438,0.0718954248366013,0.2777777777777778,0.006535947712418301,0.0,-0.02277433132313091,eligible_support>=250
FF02,racer_official_snapshot,screening_fold_4,3,328,4.224367973087815,1.3991084911387321,1.480040071266855,1.3452194106822268,28.625,0.039634146341463415,0.24390243902439024,0.006097560975609756,0.0,-0.040181632860155005,eligible_support>=250
FF02,racer_official_snapshot,screening_fold_4,4,342,4.2280748896469795,1.384944366359397,1.4699445603129697,1.373185962974613,27.842105263157894,0.038011695906432746,0.2309941520467836,0.0,0.0,-0.02697068494145089,eligible_support>=250
FF02,racer_official_snapshot,screening_fold_4,5,321,4.239253420848604,1.387750490254129,1.4726140855649377,1.3788888450295365,28.43302180685358,0.08411214953271028,0.2367601246105919,0.003115264797507788,0.0,-0.028219136793351866,eligible_support>=250
FF02,racer_official_snapshot,screening_fold_4,6,330,4.243203891073405,1.3711057889035405,1.5092344182496753,1.362863683920189,28.412121212121214,0.05757575757575758,0.22121212121212122,0.00909090909090909,0.0,-0.013051454833219572,eligible_support>=250
FF02,racer_official_snapshot,screening_fold_4,7,371,4.089342021962191,1.2417280034306128,1.500283282095345,1.3473307364362335,25.380053908355794,0.09433962264150944,0.2749326145552561,0.005390835579514825,0.0,-0.01846017812343805,eligible_support>=250
FF02,racer_official_snapshot,screening_fold_4,8,355,4.121400464648264,1.3097223504026814,1.4519933965361524,1.3596847177094307,26.20281690140845,0.07887323943661972,0.28169014084507044,0.011267605633802818,0.0,-0.029383304925674862,eligible_support>=250
FF02,racer_official_snapshot,screening_fold_4,9,331,3.9010859754652922,1.155893613723312,1.4108683473620023,1.3343240143799777,20.38368580060423,0.09063444108761329,0.2990936555891239,0.006042296072507553,0.0,-0.029554974330920962,eligible_support>=250
FF02,racer_official_snapshot,screening_fold_4,10,371,4.0230175013138005,1.1736561247279593,1.4830812519678649,1.366280124617976,21.695417789757414,0.07008086253369272,0.2749326145552561,0.0026954177897574125,0.0,-0.015561457538850737,eligible_support>=250
FF03,equipment_official_snapshot,screening_fold_1,0,0,,,,,,,,,,,eligible_support>=250
FF03,equipment_official_snapshot,screening_fold_1,1,878,4.037985912095072,1.2932837492420173,1.4109285316763303,1.3337736311767248,23.990888382687928,0.07630979498861047,0.3120728929384966,0.003416856492027335,0.0,-0.03218256860906265,eligible_support>=250
FF03,equipment_official_snapshot,screening_fold_1,2,1120,4.174762138807586,1.3650614989127738,1.458150611951188,1.351550027943625,26.460714285714285,0.07142857142857142,0.2598214285714286,0.005357142857142857,0.0,-0.03368463079548604,eligible_support>=250
FF03,equipment_official_snapshot,screening_fold_1,3,1197,4.1376765690823,1.3176833555285092,1.469442319462761,1.3505508940910302,26.069340016708438,0.06850459482038429,0.26649958228905596,0.003341687552213868,0.0,-0.037498573443301174,eligible_support>=250
FF03,equipment_official_snapshot,screening_fold_1,4,1365,4.138783872334265,1.324345898123291,1.467771869744323,1.3466661044666517,25.733333333333334,0.0673992673992674,0.2564102564102564,0.005860805860805861,0.0,-0.02768913105020051,eligible_support>=250
FF03,equipment_official_snapshot,screening_fold_1,5,1442,4.184258258483744,1.3701788432744892,1.4636530762345479,1.3504263389747073,27.191400832177532,0.06588072122052704,0.2579750346740638,0.006934812760055479,0.0,-0.01520889386863637,eligible_support>=250
FF03,equipment_official_snapshot,screening_fold_1,6,1377,4.139430844047502,1.324403992876267,1.460889550740898,1.3541373004303368,26.24546114742193,0.07334785766158315,0.27450980392156865,0.0036310820624546117,0.0,-0.03417079456029459,eligible_support>=250
FF03,equipment_official_snapshot,screening_fold_1,7,1480,4.204720294654887,1.3638372765194344,1.4858980644049764,1.3549849537304768,27.25945945945946,0.07162162162162163,0.25472972972972974,0.00945945945945946,0.0,-0.0074763808013740395,eligible_support>=250
FF03,equipment_official_snapshot,screening_fold_1,8,1306,4.188846193874972,1.3547945072169751,1.4625896751608574,1.3714620114971394,26.578101071975496,0.06967840735068913,0.22817764165390506,0.004594180704441042,0.0,-0.021839716823631557,eligible_support>=250
FF03,equipment_official_snapshot,screening_fold_1,9,1406,4.205830563647308,1.3654784834049023,1.4852456828220033,1.3551063974204025,27.460170697012803,0.06258890469416785,0.24751066856330015,0.010668563300142247,0.0,-0.030320726061713366,eligible_support>=250
FF03,equipment_official_snapshot,screening_fold_1,10,1251,4.11123038690388,1.3149248895616843,1.4455291936756807,1.3507763036665157,25.41726618705036,0.07114308553157474,0.2789768185451639,0.002398081534772182,0.0,-0.020323967597228976,eligible_support>=250
FF03,equipment_official_snapshot,screening_fold_2,0,0,,,,,,,,,,,eligible_support>=250
FF03,equipment_official_snapshot,screening_fold_2,1,1922,4.116958340127966,1.3092472440021885,1.4590140077130607,1.3486970884127167,24.883454734651405,0.07023933402705515,0.2596253902185224,0.0036420395421436005,0.0,-0.016203743286037162,eligible_support>=250
FF03,equipment_official_snapshot,screening_fold_2,2,1209,4.131004377275806,1.3340506490733746,1.4477835033831172,1.3491702248193138,25.78411910669975,0.06865177832919768,0.26054590570719605,0.010752688172043012,0.0,-0.029972920564689153,eligible_support>=250
FF03,equipment_official_snapshot,screening_fold_2,3,1196,4.155003463435912,1.323836213858607,1.4832155991165985,1.3479516504607063,26.817725752508363,0.07525083612040134,0.26588628762541805,0.0033444816053511705,0.0,-0.03709975275524159,eligible_support>=250
FF03,equipment_official_snapshot,screening_fold_2,4,1213,4.141845909588641,1.3325243310521444,1.465987092304971,1.3433344862315257,26.479802143446,0.07914262159934048,0.2786479802143446,0.004122011541632316,0.0,-0.018128342021292078,eligible_support>=250
FF03,equipment_official_snapshot,screening_fold_2,5,1211,4.174765831101902,1.3565164699972296,1.4802726055972482,1.3379767555074242,26.882741535920726,0.06028075970272502,0.2634186622625929,0.009083402146985962,0.0,-0.024316513241831508,eligible_support>=250
FF03,equipment_official_snapshot,screening_fold_2,6,1198,4.1033152174960374,1.2824471797376784,1.4567627709064537,1.3641052668519054,25.34974958263773,0.08180300500834725,0.28130217028380633,0.00667779632721202,0.0,-0.017734501851890096,eligible_support>=250
FF03,equipment_official_snapshot,screening_fold_2,7,1203,4.191721917634926,1.362221368299606,1.489437736183766,1.3400628131515533,27.07813798836243,0.0656691604322527,0.2543640897755611,0.005818786367414797,0.0,-0.018343917205864663,eligible_support>=250
FF03,equipment_official_snapshot,screening_fold_2,8,1208,4.1383693086420035,1.3035190759170194,1.4833774060081997,1.3514728267167846,25.58112582781457,0.061258278145695365,0.24917218543046357,0.0074503311258278145,0.0,-0.01980229015996654,eligible_support>=250
FF03,equipment_official_snapshot,screening_fold_2,9,1224,4.119749068203655,1.3100721668887052,1.4581331665348665,1.3515437347800834,25.55718954248366,0.07434640522875817,0.2834967320261438,0.006535947712418301,0.0,-0.023009345103301812,eligible_support>=250
FF03,equipment_official_snapshot,screening_fold_2,10,1369,4.1023471491823305,1.294163971766201,1.4563307485193144,1.3518524288968143,25.44119795471147,0.08546384222059898,0.2921840759678597,0.008035062089116142,0.0,-0.027551632422777354,eligible_support>=250
FF03,equipment_official_snapshot,screening_fold_3,0,0,,,,,,,,,,,eligible_support>=250
FF03,equipment_official_snapshot,screening_fold_3,1,1038,4.21503603365488,1.3522805292041395,1.5030121842307929,1.3597433202199478,27.557803468208093,0.05973025048169557,0.22736030828516376,0.00674373795761079,0.0,-0.02406604072565382,eligible_support>=250
FF03,equipment_official_snapshot,screening_fold_3,2,1298,4.188576269141895,1.337072201910994,1.5123248199211061,1.339179247309795,26.973035439137135,0.06856702619414484,0.24884437596302003,0.00539291217257319,0.0,-0.029467784570941943,eligible_support>=250
FF03,equipment_official_snapshot,screening_fold_3,3,1524,4.188283980258967,1.355294629539343,1.4912864289921797,1.3417029217274439,27.25262467191601,0.07349081364829396,0.276246719160105,0.007217847769028871,0.0,-0.01969920326903902,eligible_support>=250
FF03,equipment_official_snapshot,screening_fold_3,4,1553,4.123910084320841,1.3243568344102707,1.4412455907075505,1.35830765920302,24.959433354797167,0.06374758531873792,0.2601416613007083,0.0070830650354153256,0.0,-0.02097648847366583,eligible_support>=250
FF03,equipment_official_snapshot,screening_fold_3,5,1511,4.166250838694376,1.324750728310911,1.4867485211619091,1.3547515892215558,26.83653209794838,0.062210456651224356,0.2541363335539378,0.0066181336863004635,0.0,-0.02501833664684371,eligible_support>=250
FF03,equipment_official_snapshot,screening_fold_3,6,1382,4.208702464464963,1.3776586850035943,1.4623439615960312,1.368699817865338,27.28509406657019,0.06657018813314038,0.24167872648335745,0.010130246020260492,0.0,-0.022355385354255564,eligible_support>=250
FF03,equipment_official_snapshot,screening_fold_3,7,1394,4.168936131991811,1.3144593955375137,1.4998448185229474,1.3546319179313495,26.86083213773314,0.0746054519368723,0.2647058823529412,0.011477761836441894,0.0,-0.020538858270603626,eligible_support>=250
FF03,equipment_official_snapshot,screening_fold_3,8,1287,4.186434768469005,1.3511772112038976,1.4848705156662427,1.350387041598865,26.81118881118881,0.07692307692307693,0.2463092463092463,0.008547008547008548,0.0,-0.03967952554246537,eligible_support>=250
FF03,equipment_official_snapshot,screening_fold_3,9,1194,4.200753455452304,1.33703451536352,1.511830064925263,1.351888875163521,27.288107202680067,0.05611390284757119,0.24874371859296482,0.011725293132328308,0.0,-0.023971438580659754,eligible_support>=250
FF03,equipment_official_snapshot,screening_fold_3,10,988,4.178874830004662,1.328995405860463,1.4741654094185777,1.3757140147256215,26.389676113360323,0.06275303643724696,0.24190283400809717,0.004048582995951417,0.0,-0.006535308946685709,eligible_support>=250
FF03,equipment_official_snapshot,screening_fold_4,0,8967,4.1298453475294234,1.3144324625413564,1.468856090671695,1.3465567943163714,25.68384074941452,0.07605665216906435,0.27032452325192374,0.005018400802944129,0.0,-0.020697048998589696,eligible_support>=250
FF03,equipment_official_snapshot,screening_fold_4,1,266,4.179505766913845,1.368673537082135,1.4573531923676168,1.3534790374640937,27.80075187969925,0.07894736842105263,0.2518796992481203,0.0037593984962406013,0.0,-0.04890204755754483,eligible_support>=250
FF03,equipment_official_snapshot,screening_fold_4,2,323,4.045082917696022,1.28630732591391,1.4273789290343886,1.3313966627477234,23.625386996904023,0.0804953560371517,0.29102167182662536,0.0,0.0,-0.01307629032409611,eligible_support>=250
FF03,equipment_official_snapshot,screening_fold_4,3,367,4.1467718258456685,1.3338391785287553,1.4410141754376007,1.371918471879313,26.182561307901906,0.04904632152588556,0.25340599455040874,0.0027247956403269754,0.0,-0.01781184818495048,eligible_support>=250
FF03,equipment_official_snapshot,screening_fold_4,4,363,4.191230135772488,1.3704709038716578,1.4595659543070378,1.3611932775937925,28.00275482093664,0.0743801652892562,0.256198347107438,0.005509641873278237,0.0,-0.04490512287355779,eligible_support>=250
FF03,equipment_official_snapshot,screening_fold_4,5,362,4.070100701100184,1.2945686858751502,1.4388486043879984,1.3366834108370356,24.022099447513813,0.09116022099447514,0.27624309392265195,0.0055248618784530384,0.0,-0.028804879645082576,eligible_support>=250
FF03,equipment_official_snapshot,screening_fold_4,6,301,4.181143611414871,1.3291477157750917,1.510313296064488,1.341682599575292,27.099667774086377,0.07641196013289037,0.2425249169435216,0.006644518272425249,0.0,-0.018577299060969533,eligible_support>=250
FF03,equipment_official_snapshot,screening_fold_4,7,376,4.131151938499416,1.2791403827469,1.49083218672278,1.3611793690297365,25.06382978723404,0.05053191489361702,0.2393617021276596,0.005319148936170213,0.0,-0.012473793003229502,eligible_support>=250
FF03,equipment_official_snapshot,screening_fold_4,8,355,4.124713255351717,1.2389218902247945,1.5044207909262142,1.3813705742007087,24.450704225352112,0.061971830985915494,0.2507042253521127,0.0028169014084507044,0.0,0.01187159109854141,eligible_support>=250
FF03,equipment_official_snapshot,screening_fold_4,9,304,4.144825118915859,1.3430597300355493,1.4605977337200409,1.3411676551602698,26.039473684210527,0.05263157894736842,0.26973684210526316,0.003289473684210526,0.0,-0.02557187765526662,eligible_support>=250
FF03,equipment_official_snapshot,screening_fold_4,10,304,4.1901738989334305,1.3178671236012347,1.5179425987654949,1.3543641765667003,27.213815789473685,0.07236842105263158,0.24671052631578946,0.01644736842105263,0.0,-0.03738968359040354,eligible_support>=250
FF04,exhibition_current_state,screening_fold_1,0,0,,,,,,,,,,,eligible_support>=250
FF04,exhibition_current_state,screening_fold_1,1,1672,4.26443986588606,1.4161831752842582,1.4873135155127637,1.360943175089038,29.010167464114833,0.06220095693779904,0.23205741626794257,0.007177033492822967,0.0,-0.010863416055355757,eligible_support>=250
FF04,exhibition_current_state,screening_fold_1,2,1477,4.217069412699278,1.393642695707134,1.4735530984216032,1.3498736185705411,28.357481381178065,0.06635071090047394,0.24441435341909276,0.006093432633716994,0.0,-0.03248478044081118,eligible_support>=250
FF04,exhibition_current_state,screening_fold_1,3,1504,4.157965194233542,1.3269567649615093,1.4798436294870163,1.3511647997850165,26.506648936170212,0.06981382978723404,0.24601063829787234,0.0019946808510638296,0.0,-0.034456536592694695,eligible_support>=250
FF04,exhibition_current_state,screening_fold_1,4,1308,4.191410534510083,1.3690855954177275,1.469277386922249,1.353047552170106,26.849388379204893,0.07110091743119266,0.25076452599388377,0.006880733944954129,0.0,-0.018603794609172664,eligible_support>=250
FF04,exhibition_current_state,screening_fold_1,5,1241,4.178179560808316,1.3314950866292554,1.4882891017274207,1.3583953724516404,26.65753424657534,0.0757453666398066,0.2594681708299758,0.004834810636583401,0.0,-0.023562940151463607,eligible_support>=250
FF04,exhibition_current_state,screening_fold_1,6,1098,4.119845199199258,1.3068053347219577,1.475738217896646,1.337301646580654,25.756830601092897,0.06830601092896176,0.29326047358834245,0.006375227686703097,0.0,-0.02818091727245589,eligible_support>=250
FF04,exhibition_current_state,screening_fold_1,7,1056,4.0576961916540455,1.2621831275986197,1.444144372595953,1.351368691459472,23.716856060606062,0.06912878787878787,0.30303030303030304,0.004734848484848485,0.0,-0.02060648251223382,eligible_support>=250
FF04,exhibition_current_state,screening_fold_1,8,1143,4.067874885730775,1.3016948941457953,1.4139056722220418,1.3522743193629378,23.985126859142607,0.0752405949256343,0.28258967629046366,0.005249343832020997,0.0,-0.0408997812827642,eligible_support>=250
FF04,exhibition_current_state,screening_fold_1,9,1368,4.097007100331755,1.2933266748782541,1.4464873789400856,1.3571930465134152,24.85014619883041,0.06944444444444445,0.2711988304093567,0.005847953216374269,0.0,-0.026985209371331077,eligible_support>=250
FF04,exhibition_current_state,screening_fold_1,10,955,4.151374386067108,1.3733416194106514,1.428809283420671,1.3492234832357854,25.81151832460733,0.0712041884816754,0.2628272251308901,0.009424083769633508,0.0,-0.018203058183758,eligible_support>=250
FF04,exhibition_current_state,screening_fold_2,0,0,,,,,,,,,,,eligible_support>=250
FF04,exhibition_current_state,screening_fold_2,1,1176,4.245859571192433,1.3914690112739974,1.501159085294255,1.3532314746241803,28.928571428571427,0.061224489795918366,0.2389455782312925,0.008503401360544218,0.0,-0.04233909263004733,eligible_support>=250
FF04,exhibition_current_state,screening_fold_2,2,1213,4.1874090938941935,1.349733836510598,1.4854702652793346,1.352204992104261,27.297609233305852,0.06595218466611706,0.2679307502061006,0.011541632316570486,0.0,-0.019705266302234726,eligible_support>=250
FF04,exhibition_current_state,screening_fold_2,3,1237,4.15914783914223,1.332313287782798,1.4812743099577237,1.345560241401708,26.383185125303154,0.06548100242522231,0.2570735650767987,0.007275666936135812,0.0,-0.02481003178400822,eligible_support>=250
FF04,exhibition_current_state,screening_fold_2,4,1147,4.153288340305754,1.3348911276851878,1.4647046520723246,1.3536925605482417,26.999128160418483,0.07497820401046207,0.27898866608544026,0.008718395815170008,0.0,-0.018139020041247438,eligible_support>=250
FF04,exhibition_current_state,screening_fold_2,5,1167,4.186937745117946,1.3547368061558303,1.4833644218519733,1.3488365171101426,27.353898886032564,0.06855184233076264,0.2536418166238218,0.000856898029134533,0.0,-0.02655014750458475,eligible_support>=250
FF04,exhibition_current_state,screening_fold_2,6,1149,4.143754663405871,1.3075802473138147,1.4794961068340873,1.3566783092579697,26.398607484769364,0.06179286335944299,0.26109660574412535,0.004351610095735422,0.0,-0.02174356545044107,eligible_support>=250
FF04,exhibition_current_state,screening_fold_2,7,1268,4.113448661361329,1.3126918520183501,1.4450679575762888,1.3556888517666899,25.145110410094638,0.0804416403785489,0.27129337539432175,0.0031545741324921135,0.0,-0.03292867506939196,eligible_support>=250
FF04,exhibition_current_state,screening_fold_2,8,1387,4.08341474496387,1.2724679670409929,1.451785844544197,1.3591609333786796,24.312184571016584,0.0821917808219178,0.2761355443403028,0.006488824801730353,0.0,-0.022584271559645146,eligible_support>=250
FF04,exhibition_current_state,screening_fold_2,9,1754,4.055625376144491,1.2627546364478637,1.4504570390006577,1.3424137006959693,23.586659064994297,0.07810718358038768,0.28848346636259975,0.00855188141391106,0.0,-0.009165167293831855,eligible_support>=250
FF04,exhibition_current_state,screening_fold_2,10,1455,4.089979376318621,1.3169786938951358,1.4474690261251004,1.3255316562983848,24.562886597938146,0.07766323024054983,0.2797250859106529,0.004123711340206186,0.0,-0.01786655560716775,eligible_support>=250
FF04,exhibition_current_state,screening_fold_3,0,0,,,,,,,,,,,eligible_support>=250
FF04,exhibition_current_state,screening_fold_3,1,423,4.226870381084855,1.4358291621391162,1.4697453570272097,1.3212958619185289,27.53664302600473,0.07565011820330969,0.2553191489361702,0.002364066193853428,0.0,-0.011152232428852275,eligible_support>=250
FF04,exhibition_current_state,screening_fold_3,2,778,4.231557651920778,1.369033009709983,1.50198132879643,1.3605433134143654,28.25706940874036,0.055269922879177376,0.23393316195372751,0.006426735218508998,0.0,-0.03015379165028844,eligible_support>=250
FF04,exhibition_current_state,screening_fold_3,3,803,4.313502646583439,1.420559011545881,1.5334758579526087,1.359467777084949,29.65628891656289,0.062266500622665005,0.21668742216687423,0.009962640099626401,0.0,-0.010809701802062213,eligible_support>=250
FF04,exhibition_current_state,screening_fold_3,4,944,4.21328014556797,1.3607075267525777,1.4960425530134736,1.356530065801919,27.97563559322034,0.0646186440677966,0.2489406779661017,0.009533898305084746,0.0,-0.023597645154316144,eligible_support>=250
FF04,exhibition_current_state,screening_fold_3,5,1117,4.219943254784972,1.369092084685892,1.4946696037071978,1.3561815663918824,27.747538048343777,0.06087735004476276,0.23724261414503134,0.008057296329453895,0.0,-0.03200711843388875,eligible_support>=250
FF04,exhibition_current_state,screening_fold_3,6,1281,4.1870982107974966,1.3493922465745567,1.4872198900690852,1.350486074153855,26.798594847775174,0.06791569086651054,0.2568306010928962,0.00858704137392662,0.0,-0.01679788554706174,eligible_support>=250
FF04,exhibition_current_state,screening_fold_3,7,1379,4.1744413687169395,1.3370625860387915,1.480710201660834,1.3566685810173147,27.081943437273388,0.06526468455402465,0.252356780275562,0.007976794778825236,0.0,-0.02804459475690107,eligible_support>=250
FF04,exhibition_current_state,screening_fold_3,8,1465,4.164072859989746,1.3250813944042183,1.4829723342539802,1.3560191313315473,26.23959044368601,0.06484641638225255,0.2484641638225256,0.007508532423208191,0.0,-0.026793496083528136,eligible_support>=250
FF04,exhibition_current_state,screening_fold_3,9,1914,4.150179037991455,1.3155760387017876,1.4778573999981917,1.3567455992914754,26.301985370950888,0.07053291536050156,0.26854754440961337,0.008359456635318705,0.0,-0.028111792520825768,eligible_support>=250
FF04,exhibition_current_state,screening_fold_3,10,3065,4.129182462143522,1.3015332000623454,1.4725323116013196,1.3551169504798575,25.274714518760195,0.07145187601957585,0.2626427406199021,0.007830342577487765,0.0,-0.019956856013182547,eligible_support>=250
FF04,exhibition_current_state,screening_fold_4,0,0,,,,,,,,,,,eligible_support>=250
FF04,exhibition_current_state,screening_fold_4,1,1151,4.177338175827575,1.3356033229059534,1.4908370452326403,1.350897807688982,26.60469157254561,0.07124239791485665,0.2562988705473501,0.006081668114682885,0.0,-0.00882410461428145,eligible_support>=250
FF04,exhibition_current_state,screening_fold_4,2,1098,4.174720750052869,1.3685668071790207,1.4575028299622057,1.3486511129116436,26.97632058287796,0.07468123861566485,0.27049180327868855,0.00546448087431694,0.0,-0.022860768408486,eligible_support>=250
FF04,exhibition_current_state,screening_fold_4,3,1177,4.166457118737416,1.3296987093805688,1.4850539984875273,1.35170441086932,26.773152081563296,0.07306711979609176,0.2582837723024639,0.006796941376380629,0.0,-0.011699867140167417,eligible_support>=250
FF04,exhibition_current_state,screening_fold_4,4,1225,4.146765557062738,1.3164058182417469,1.4793701630002363,1.3509895758207553,26.41061224489796,0.07020408163265306,0.2636734693877551,0.006530612244897959,0.0,-0.021214833761047148,eligible_support>=250
FF04,exhibition_current_state,screening_fold_4,5,1268,4.109816153930788,1.2863847190784947,1.4751463611631805,1.3482850736891123,25.468454258675077,0.07965299684542587,0.27917981072555204,0.0015772870662460567,0.0,-0.031009337372431934,eligible_support>=250
FF04,exhibition_current_state,screening_fold_4,6,1238,4.095728808258778,1.2760331196476162,1.4687069192535955,1.3509887693575662,24.802907915993536,0.07027463651050081,0.26978998384491115,0.0024232633279483036,0.0,-0.032768707246944265,eligible_support>=250
FF04,exhibition_current_state,screening_fold_4,7,1335,4.097722408382838,1.3130891251969534,1.4367709592531799,1.3478623239327046,24.918352059925095,0.07940074906367041,0.2794007490636704,0.003745318352059925,0.0,-0.026264491407915983,eligible_support>=250
FF04,exhibition_current_state,screening_fold_4,8,1458,4.050270971213173,1.250136758263524,1.4521362592917224,1.347997953657927,23.496570644718794,0.0823045267489712,0.26954732510288065,0.006172839506172839,0.0,-0.01833633275782286,eligible_support>=250
FF04,exhibition_current_state,screening_fold_4,9,1394,4.129010816593134,1.3176972959173905,1.4646955531331098,1.346617967542633,25.57245337159254,0.06886657101865136,0.27116212338593976,0.003586800573888092,0.0,-0.023770282329230095,eligible_support>=250
FF04,exhibition_current_state,screening_fold_4,10,944,4.224809201713199,1.3881746411085953,1.4956671515899915,1.3409674090146122,27.514830508474578,0.06673728813559322,0.24258474576271186,0.009533898305084746,0.0,-0.012137062348425022,eligible_support>=250
FF05,weather_water,screening_fold_1,0,0,,,,,,,,,,,eligible_support>=250
FF05,weather_water,screening_fold_1,1,4705,4.133560159252882,1.3058828857150184,1.4711085378954099,1.356568735642454,25.611689691817215,0.06907545164718384,0.263336875664187,0.0061636556854410204,0.0,-0.026790643518924236,eligible_support>=250
FF05,weather_water,screening_fold_1,2,2689,4.1424914437278995,1.3495341158519334,1.4504000202574234,1.3425573076185422,26.080327259204164,0.07772406098921532,0.27110449981405726,0.006322052807735217,0.0,-0.023278578605028657,eligible_support>=250
FF05,weather_water,screening_fold_1,3,2501,4.170223123171649,1.3568710588118773,1.4534393069607654,1.359912757399006,26.81047580967613,0.061975209916033586,0.25949620151939223,0.003598560575769692,0.0,-0.018041914038989245,eligible_support>=250
FF05,weather_water,screening_fold_1,4,2084,4.1808452296096865,1.3467923339869454,1.4842782523254232,1.3497746432973183,26.931381957773514,0.0671785028790787,0.2543186180422265,0.007197696737044146,0.0,-0.033743435424392634,eligible_support>=250
FF05,weather_water,screening_fold_1,5,843,4.243199723565281,1.4569655415965967,1.4383065654635783,1.347927616505106,28.50652431791222,0.07354685646500593,0.2479240806642942,0.004744958481613286,0.0,-0.025151439022713835,eligible_support>=250
FF05,weather_water,screening_fold_2,0,0,,,,,,,,,,,eligible_support>=250
FF05,weather_water,screening_fold_2,1,4519,4.073947032675257,1.274611026438621,1.4612418168341543,1.3380941894024816,24.43040495684886,0.07545917238327063,0.2825846426200487,0.004204470015490153,0.0,-0.023671376434937205,eligible_support>=250
FF05,weather_water,screening_fold_2,2,3238,4.15041340401914,1.3260159455098497,1.4728191651470142,1.3515782933622769,26.51111797405806,0.07906114885731934,0.27177269919703523,0.008338480543545398,0.0,-0.020933550326886877,eligible_support>=250
FF05,weather_water,screening_fold_2,3,2841,4.17488335222441,1.3491670279678207,1.4657496243598378,1.359966699896752,26.738120380147834,0.059838085181274196,0.2541358676522351,0.005279831045406547,0.0,-0.02417752398776204,eligible_support>=250
FF05,weather_water,screening_fold_2,4,1783,4.185795377657017,1.3662552642924592,1.4699845607944702,1.349555552570088,26.795849691531128,0.07010656197420079,0.25406618059450364,0.009534492428491307,0.0,-0.021062891396615244,eligible_support>=250
FF05,weather_water,screening_fold_2,5,572,4.194388458108728,1.3532034374130768,1.4846909349203685,1.3564940857752819,27.484265734265733,0.07692307692307693,0.25874125874125875,0.008741258741258742,0.0,-0.026762805083516812,eligible_support>=250
FF05,weather_water,screening_fold_3,0,0,,,,,,,,,,,eligible_support>=250
FF05,weather_water,screening_fold_3,1,4460,4.149240898519022,1.2999025492377216,1.4898784412992427,1.359459907982058,25.949551569506728,0.06726457399103139,0.2569506726457399,0.009192825112107623,0.0,-0.021686407912654478,eligible_support>=250
FF05,weather_water,screening_fold_3,2,3116,4.1506568281056175,1.3201046375191103,1.4797162499869299,1.3508359405995767,25.98620025673941,0.06578947368421052,0.2589858793324775,0.006739409499358151,0.0,-0.02624888025839419,eligible_support>=250
FF05,weather_water,screening_fold_3,3,3117,4.232244641266222,1.3963728969630362,1.486860039135626,1.3490117051675603,28.090471607314726,0.06223933269169073,0.2438241899262111,0.007058068655758742,0.0,-0.0237976420579435,eligible_support>=250
FF05,weather_water,screening_fold_3,4,2016,4.1969780732587445,1.3597215190059562,1.4826207532147038,1.3546358010380852,27.461309523809526,0.07738095238095238,0.25496031746031744,0.009424603174603174,0.0,-0.02266784285738445,eligible_support>=250
FF05,weather_water,screening_fold_3,5,460,4.266911775837222,1.3980186045163985,1.4908440068102253,1.3780491645105981,28.578260869565216,0.05434782608695652,0.2108695652173913,0.004347826086956522,0.0,-0.02372748977653751,eligible_support>=250
FF05,weather_water,screening_fold_4,0,0,,,,,,,,,,,eligible_support>=250
FF05,weather_water,screening_fold_4,1,4738,4.092003511962898,1.2661104681034645,1.4763537322394817,1.3495393116199517,24.703672435626846,0.07555930772477838,0.2754326720135078,0.004221190375685944,0.0,-0.02457134507435246,eligible_support>=250
FF05,weather_water,screening_fold_4,2,2532,4.102699412190738,1.2996212150955655,1.4585059711835848,1.344572225911587,24.903238546603475,0.07543443917851501,0.2725118483412322,0.00631911532385466,0.0,-0.016920086583644803,eligible_support>=250
FF05,weather_water,screening_fold_4,3,2393,4.1643440955237585,1.3510179627433814,1.4598652785203696,1.3534608542600075,26.936899289594653,0.06769745089845382,0.26535729210196407,0.001671541997492687,0.0,-0.02608720325312216,eligible_support>=250
FF05,weather_water,screening_fold_4,4,1016,4.211907273715327,1.3612218352742278,1.4993159067955286,1.35136953164557,27.371062992125985,0.07578740157480315,0.23523622047244094,0.008858267716535433,0.0,-0.020808469202349394,eligible_support>=250
FF05,weather_water,screening_fold_4,5,938,4.1534604881349955,1.3546260259911647,1.4473291519651108,1.3515053101787202,26.224946695095948,0.08528784648187633,0.27611940298507465,0.007462686567164179,0.0,-0.017017863543631277,eligible_support>=250
FF05,weather_water,screening_fold_4,6,671,4.263450616940482,1.453598337096495,1.4782625534005966,1.3315897264433907,28.739195230998508,0.06110283159463487,0.22652757078986588,0.00894187779433681,0.0,-0.003730524275416642,eligible_support>=250
FF06,racer_history,screening_fold_1,0,0,,,,,,,,,,,eligible_support>=250
FF06,racer_history,screening_fold_1,1,1094,4.0963158738312355,1.3195076276018676,1.4425545018638088,1.3342537443655598,24.420475319926872,0.08409506398537477,0.273308957952468,0.002742230347349177,0.0,-0.02533210137230707,eligible_support>=250
FF06,racer_history,screening_fold_1,2,1292,4.19850247435194,1.3948312965013516,1.4564377135328603,1.347233464317728,27.343653250773993,0.06501547987616099,0.25232198142414863,0.006191950464396285,0.0,-0.028930931199257697,eligible_support>=250
FF06,racer_history,screening_fold_1,3,1337,4.212713648480715,1.3981719770853498,1.464130148528274,1.3504115228670912,27.83096484667165,0.06207928197456993,0.2543006731488407,0.006731488406881077,0.0,-0.023670479918981344,eligible_support>=250
FF06,racer_history,screening_fold_1,4,1372,4.216192008813585,1.387323312413221,1.4661801590602779,1.3626885373400859,27.83454810495627,0.0619533527696793,0.24416909620991253,0.004373177842565598,0.0,-0.039402281850389076,eligible_support>=250
FF06,racer_history,screening_fold_1,5,1367,4.286958375559738,1.4320063410874477,1.4952697964202049,1.3596822380520854,29.364301389904902,0.06217995610826628,0.22019019751280175,0.008046817849305048,0.0,-0.029363560687583997,eligible_support>=250
FF06,racer_history,screening_fold_1,6,1282,4.281143536344363,1.4301253804490255,1.4909038426567383,1.3601143132385998,29.446957878315132,0.06006240249609984,0.23946957878315134,0.0039001560062402497,0.0,-0.019170177622649713,eligible_support>=250
FF06,racer_history,screening_fold_1,7,1293,4.22115962587587,1.4080896382533843,1.4520221768666755,1.3610478107558108,27.620262954369682,0.05955143078112916,0.23820572312451663,0.006187161639597835,0.0,-0.022059086045577644,eligible_support>=250
FF06,racer_history,screening_fold_1,8,1294,4.088040816137913,1.269856416739624,1.4649571623995796,1.35322723699871,24.669242658423492,0.06491499227202473,0.2751159196290572,0.0030911901081916537,0.0,-0.013983792495901039,eligible_support>=250
FF06,racer_history,screening_fold_1,9,1300,4.015939260349329,1.218256073806202,1.4532845001121204,1.344398686431007,23.166153846153847,0.08538461538461538,0.31384615384615383,0.008461538461538461,0.0,-0.026007759498156608,eligible_support>=250
FF06,racer_history,screening_fold_1,10,1191,3.9185853797403736,1.1289341757808944,1.4405511131844824,1.3491000907749968,20.78589420654912,0.0948782535684299,0.3157010915197313,0.007556675062972292,0.0,-0.024642966020153038,eligible_support>=250
FF06,racer_history,screening_fold_2,0,0,,,,,,,,,,,eligible_support>=250
FF06,racer_history,screening_fold_2,1,1168,4.100714665203912,1.3464866096690316,1.4324246154550844,1.3218034400797967,24.704623287671232,0.08732876712328767,0.2893835616438356,0.00684931506849315,0.0,-0.014073857376275553,eligible_support>=250
FF06,racer_history,screening_fold_2,2,1383,4.1376344676489865,1.3524537717904597,1.4422909090335727,1.342889786824954,26.060737527114966,0.07230657989877079,0.26247288503253796,0.007953723788864787,0.0,-0.0336239132441688,eligible_support>=250
FF06,racer_history,screening_fold_2,3,1375,4.258239672490315,1.400849188070496,1.5036777969864852,1.3537126874333332,28.58909090909091,0.05309090909090909,0.21818181818181817,0.006545454545454545,0.0,-0.01998427800420634,eligible_support>=250
FF06,racer_history,screening_fold_2,4,1379,4.2200808588579966,1.391363301627191,1.4816889120298664,1.3470286452009392,27.861493836113127,0.07179115300942712,0.2480058013052937,0.0036258158085569255,0.0,-0.02627205510276854,eligible_support>=250
FF06,racer_history,screening_fold_2,5,1376,4.1914292144951375,1.346493180512396,1.4975276772526558,1.347408356730086,27.709302325581394,0.06613372093023256,0.2616279069767442,0.003633720930232558,0.0,-0.022789741580874982,eligible_support>=250
FF06,racer_history,screening_fold_2,6,1316,4.213984211153494,1.3700373480323145,1.4829626658711412,1.360984197250038,27.416413373860184,0.05547112462006079,0.23404255319148937,0.004559270516717325,0.0,-0.008752577017551005,eligible_support>=250
FF06,racer_history,screening_fold_2,7,1338,4.233897005199866,1.3818187040283476,1.4969044347839608,1.3551738663875574,28.07473841554559,0.06576980568011959,0.25037369207772797,0.009715994020926755,0.0,-0.02306128924094281,eligible_support>=250
FF06,racer_history,screening_fold_2,8,1308,4.120629139682566,1.2972808321351426,1.4563838011576393,1.3669645063897835,25.69495412844037,0.0764525993883792,0.2790519877675841,0.006880733944954129,0.0,-0.01805369239911073,eligible_support>=250
FF06,racer_history,screening_fold_2,9,1232,3.9428268492761416,1.1611980670525173,1.4339116429938903,1.347717139229734,21.524350649350648,0.09172077922077922,0.32305194805194803,0.00487012987012987,0.0,-0.034814311706031935,eligible_support>=250
FF06,racer_history,screening_fold_2,10,1078,3.8595995771742673,1.0914673436733702,1.4300835768985267,1.33804865660237,19.645640074211503,0.08998144712430427,0.34415584415584416,0.01020408163265306,0.0,-0.02729069151744149,eligible_support>=250
FF06,racer_history,screening_fold_3,0,0,,,,,,,,,,,eligible_support>=250
FF06,racer_history,screening_fold_3,1,1144,4.1575946236072046,1.3591357440882694,1.462771723084207,1.3356871564347277,25.655594405594407,0.06643356643356643,0.2666083916083916,0.009615384615384616,0.0,-0.02034272121789349,eligible_support>=250
FF06,racer_history,screening_fold_3,2,1347,4.160753360483542,1.356760317985016,1.4583888993111218,1.3456041431874044,26.069784706755755,0.06533036377134373,0.24870081662954716,0.008908685968819599,0.0,-0.02706925157871646,eligible_support>=250
FF06,racer_history,screening_fold_3,3,1356,4.269860491391004,1.4042167689638916,1.5078104862702484,1.3578332361568641,29.023598820058996,0.058997050147492625,0.22861356932153393,0.0029498525073746312,0.0,-0.031443206758922974,eligible_support>=250
FF06,racer_history,screening_fold_3,4,1367,4.304696655826504,1.4230328625878663,1.512393353249489,1.3692704399891484,29.869056327724945,0.05047549378200439,0.22311631309436722,0.0073152889539136795,0.0,-0.012418384576144175,eligible_support>=250
FF06,racer_history,screening_fold_3,5,1365,4.2403584647237835,1.4042903408491294,1.4692065554276215,1.3668615684470327,28.388278388278387,0.06446886446886448,0.2293040293040293,0.005860805860805861,0.0,-0.024479402839449448,eligible_support>=250
FF06,racer_history,screening_fold_3,6,1406,4.298173294570533,1.4094079995057596,1.5143846020388647,1.3743806930259084,30.25533428165007,0.049786628733997154,0.2119487908961593,0.010668563300142247,0.0,-0.04229592140867984,eligible_support>=250
FF06,racer_history,screening_fold_3,7,1308,4.23285652591691,1.382029331971596,1.4896068835112106,1.3612203104341032,28.051223241590215,0.08180428134556575,0.23700305810397554,0.009174311926605505,0.0,-0.027522722798857074,eligible_support>=250
FF06,racer_history,screening_fold_3,8,1294,4.1544401117916046,1.3031832511782646,1.4928381719680075,1.358418688645332,26.142194744976816,0.06646058732612056,0.26661514683153015,0.010819165378670788,0.0,-0.016168418431655517,eligible_support>=250
FF06,racer_history,screening_fold_3,9,1353,4.0435142583585035,1.2197933657179638,1.485848134563789,1.3378727580767509,23.257945306725794,0.07317073170731707,0.29859571322985956,0.008130081300813009,0.0,-0.01208142506798528,eligible_support>=250
FF06,racer_history,screening_fold_3,10,1229,3.9096526230461044,1.1172528065724878,1.4563645663538225,1.3360352501197938,20.215622457282343,0.0951993490642799,0.32465419039869814,0.006509357200976403,0.0,-0.01936990119813333,eligible_support>=250
FF06,racer_history,screening_fold_4,0,0,,,,,,,,,,,eligible_support>=250
FF06,racer_history,screening_fold_4,1,1111,4.073932722016738,1.3113453651767908,1.4354978320530694,1.3270895247868775,24.4005400540054,0.08640864086408641,0.29432943294329433,0.0009000900090009,0.0,-0.02048674579549244,eligible_support>=250
FF06,racer_history,screening_fold_4,2,1242,4.169848453656241,1.356303790069991,1.4642904512710673,1.3492542123151823,26.44766505636071,0.06682769726247988,0.25523349436392917,0.004025764895330112,0.0,-0.02206101200349832,eligible_support>=250
FF06,racer_history,screening_fold_4,3,1285,4.2693528628139665,1.4309353412906203,1.4850888641143098,1.3533286574090362,29.115953307392996,0.05992217898832685,0.2311284046692607,0.0031128404669260703,0.0,-0.020540651119014694,eligible_support>=250
FF06,racer_history,screening_fold_4,4,1382,4.246342646283374,1.3968139597651872,1.4970454465433005,1.3524832399748863,28.585383502170767,0.06512301013024602,0.24240231548480462,0.00723589001447178,0.0,-0.029229471562537634,eligible_support>=250
FF06,racer_history,screening_fold_4,5,1213,4.238596148740831,1.3915188471028714,1.4838477037227273,1.3632295979152316,28.262159934047816,0.055234954657873044,0.2333058532563891,0.00494641384995878,0.0,-0.0331628375244772,eligible_support>=250
FF06,racer_history,screening_fold_4,6,1335,4.188266676170543,1.3261615651154877,1.5032945570695795,1.3588105539854758,26.79176029962547,0.062172284644194754,0.250936329588015,0.00299625468164794,0.0,-0.013849232145020093,eligible_support>=250
FF06,racer_history,screening_fold_4,7,1270,4.207277259829317,1.3561991322996567,1.4819829880146071,1.3690951395150532,27.22755905511811,0.06692913385826772,0.2283464566929134,0.004724409448818898,0.0,-0.018263559510439908,eligible_support>=250
FF06,racer_history,screening_fold_4,8,1263,4.078868917877236,1.2630560666752213,1.4731024756403324,1.3427103755616834,24.339667458432302,0.0831353919239905,0.281076801266825,0.009501187648456057,0.0,-0.019557398972419565,eligible_support>=250
FF06,racer_history,screening_fold_4,9,1255,3.8594382148501443,1.1216239167075894,1.4097935021913195,1.3280207959512351,19.374501992031874,0.10597609561752988,0.3529880478087649,0.0031872509960159364,0.0,-0.015869199345220613,eligible_support>=250
FF06,racer_history,screening_fold_4,10,932,3.91243068710015,1.134433251024187,1.4427967796145584,1.3352006564614047,21.129828326180256,0.09656652360515021,0.3197424892703863,0.01072961373390558,0.0,-0.01911747501624739,eligible_support>=250
FF07,equipment_history,screening_fold_1,0,0,,,,,,,,,,,eligible_support>=250
FF07,equipment_history,screening_fold_1,1,11788,4.156198290625281,1.3404525039226411,1.4629948718428376,1.3527509148598023,26.319138106549033,0.07007125890736342,0.2634034611469291,0.006107906345436036,0.0,-0.024652092067049353,eligible_support>=250
FF07,equipment_history,screening_fold_1,2,1034,4.172071032981365,1.3542493155301223,1.4668160495431324,1.3510056679081104,26.684719535783366,0.06286266924564797,0.24274661508704062,0.0019342359767891683,0.0,-0.033553214575606324,eligible_support>=250
FF07,equipment_history,screening_fold_2,0,0,,,,,,,,,,,eligible_support>=250
FF07,equipment_history,screening_fold_2,1,11867,4.130118408549875,1.315159033706564,1.4654876522919318,1.349471722551379,25.712648521108957,0.07263840903345412,0.2687284065054352,0.00657284907727311,0.0,-0.02261767349691779,eligible_support>=250
FF07,equipment_history,screening_fold_2,2,1086,4.199260634145768,1.371697638979319,1.4878624555695315,1.3397005395969168,28.15193370165746,0.06813996316758748,0.26795580110497236,0.004604051565377533,0.0,-0.025692136461497313,eligible_support>=250
FF07,equipment_history,screening_fold_3,0,0,,,,,,,,,,,eligible_support>=250
FF07,equipment_history,screening_fold_3,1,12134,4.177487911439142,1.3418370375843072,1.4811474040353358,1.3545034698194993,26.63911323553651,0.06733146530410417,0.25391462007582,0.008406131531234548,0.0,-0.022900720849179382,eligible_support>=250
FF07,equipment_history,screening_fold_3,2,1035,4.217600507991262,1.3197509819218731,1.5388458996989582,1.3590036263704308,28.536231884057973,0.06086956521739131,0.23478260869565218,0.002898550724637681,0.0,-0.030363101627011446,eligible_support>=250
FF07,equipment_history,screening_fold_4,0,0,,,,,,,,,,,eligible_support>=250
FF07,equipment_history,screening_fold_4,1,10694,4.133419439091329,1.3120219083191178,1.470223106466134,1.3511744243060773,25.727697774452963,0.07256405461006171,0.26341873948008226,0.005049560501215635,0.0,-0.02124143375558493,eligible_support>=250
FF07,equipment_history,screening_fold_4,2,1594,4.124500992613113,1.3304272854369694,1.4627394557824602,1.3313342513936828,25.79736511919699,0.0834378920953576,0.2904642409033877,0.005018820577164366,0.0,-0.02141707622138292,eligible_support>=250
FF08,data_quality_provenance,screening_fold_1,0,0,,,,,,,,,,,eligible_support>=250
FF08,data_quality_provenance,screening_fold_1,1,12822,4.157478310559471,1.3415651153094867,1.4633030217213356,1.3526101735286489,26.348619560131024,0.06948993916705662,0.26173763843394166,0.005771330525659024,0.0,-0.025369902133641768,eligible_support>=250
FF08,data_quality_provenance,screening_fold_2,0,0,,,,,,,,,,,eligible_support>=250
FF08,data_quality_provenance,screening_fold_2,1,12953,4.13591540206467,1.3198993197658717,1.4673635911755474,1.3486524911232507,25.917162047402147,0.07226125221956303,0.2686636300470933,0.00640778198100826,0.0,-0.02287544133290431,eligible_support>=250
FF08,data_quality_provenance,screening_fold_3,0,0,,,,,,,,,,,eligible_support>=250
FF08,data_quality_provenance,screening_fold_3,1,13169,4.180640507492863,1.340101213481443,1.485682140386756,1.354857153624664,26.78821474675374,0.06682360088085655,0.2524109651454173,0.007973270559647657,0.0,-0.02348721671864982,eligible_support>=250
FF08,data_quality_provenance,screening_fold_4,0,0,,,,,,,,,,,eligible_support>=250
FF08,data_quality_provenance,screening_fold_4,1,12288,4.132262537749672,1.314409454797459,1.4692523269096742,1.348600756042539,25.736735026041668,0.073974609375,0.2669270833333333,0.005045572916666667,0.0,-0.02126421810539629,eligible_support>=250
