model_id,prediction_type,group,count,trifecta_log_loss,trifecta_brier_score,winner_log_loss,exacta_log_loss,top3_set_log_loss,second_given_first_log_loss,third_given_first_second_log_loss,hit_at_1,hit_at_3,hit_at_5,hit_at_10,hit_at_20,actual_combo_rank_mean,actual_combo_rank_median,mean_reciprocal_rank,per_race_log_loss_p90,per_race_log_loss_p95,per_race_log_loss_p99,max_per_race_log_loss,true_probability_below_1e_3,true_probability_below_1e_4,true_probability_below_1e_6,prediction_coverage,normal_unique_log_loss,abnormal_tail_unique_log_loss
B0_uniform,raw,01,2118,4.787491742782046,0.9916666666666668,1.791759469228055,3.4011973816621555,2.995732273553991,1.6094379124340998,1.3862943611198906,0.07034938621340887,0.15439093484419264,0.22757318224740322,0.3777148253068933,0.5193578847969783,31.875354107648725,18.0,0.16318579515292933,4.787491742782046,4.787491742782046,4.787491742782046,4.787491742782046,0.0,0.0,0.0,1.0,4.787491742782046,
B0_uniform,raw,02,2169,4.787491742782046,0.9916666666666669,1.791759469228055,3.401197381662155,2.995732273553991,1.6094379124340998,1.3862943611198906,0.045182111572153065,0.12171507607192254,0.1871830336560627,0.31904103273397877,0.42784693407100044,34.49838635315814,24.0,0.1302760623330902,4.787491742782046,4.787491742782046,4.787491742782046,4.787491742782046,0.0,0.0,0.0,1.0,4.787491742782046,
B0_uniform,raw,03,1750,4.787491742782047,0.9916666666666669,1.7917594692280547,3.4011973816621555,2.995732273553991,1.6094379124340998,1.3862943611198908,0.07314285714285715,0.15714285714285714,0.23714285714285716,0.388,0.5211428571428571,29.308,18.0,0.16674293007497146,4.787491742782046,4.787491742782046,4.787491742782046,4.787491742782046,0.0,0.0,0.0,1.0,4.787491742782047,
B0_uniform,raw,04,1974,4.787491742782047,0.991666666666667,1.7917594692280547,3.4011973816621555,2.995732273553991,1.6094379124341,1.3862943611198908,0.047619047619047616,0.11246200607902736,0.18439716312056736,0.3059777102330294,0.43667679837892603,35.677304964539005,24.0,0.1281884021091729,4.787491742782046,4.787491742782046,4.787491742782046,4.787491742782046,0.0,0.0,0.0,1.0,4.787491742782047,
B0_uniform,raw,05,2151,4.787491742782047,0.991666666666667,1.791759469228055,3.4011973816621555,2.995732273553991,1.6094379124341,1.3862943611198906,0.06741050674105067,0.15713621571362157,0.2403533240353324,0.400743840074384,0.5327754532775453,29.499767549976756,17.0,0.16407974869306988,4.787491742782046,4.787491742782046,4.787491742782046,4.787491742782046,0.0,0.0,0.0,1.0,4.787491742782047,
B0_uniform,raw,06,2330,4.787491742782046,0.9916666666666669,1.791759469228055,3.4011973816621546,2.9957322735539904,1.6094379124341,1.3862943611198904,0.06695278969957082,0.14678111587982834,0.22017167381974248,0.3781115879828326,0.5266094420600859,29.971673819742488,18.0,0.16015650213015045,4.787491742782046,4.787491742782046,4.787491742782046,4.787491742782046,0.0,0.0,0.0,1.0,4.787491742782046,
B0_uniform,raw,07,2131,4.787491742782047,0.9916666666666669,1.791759469228055,3.4011973816621555,2.995732273553991,1.6094379124341,1.3862943611198906,0.05865790708587518,0.14500234631628345,0.2266541529798217,0.41764429845143125,0.5739089629282027,28.281088690755514,14.0,0.16034932991134132,4.787491742782046,4.787491742782046,4.787491742782046,4.787491742782046,0.0,0.0,0.0,1.0,4.787491742782047,
B0_uniform,raw,08,2240,4.787491742782046,0.9916666666666669,1.791759469228055,3.401197381662155,2.9957322735539904,1.6094379124340998,1.3862943611198908,0.06517857142857143,0.1625,0.24196428571428572,0.4160714285714286,0.5821428571428572,28.407589285714284,14.0,0.1680404294163309,4.787491742782046,4.787491742782046,4.787491742782046,4.787491742782046,0.0,0.0,0.0,1.0,4.787491742782046,
B0_uniform,raw,09,2430,4.787491742782046,0.991666666666667,1.791759469228055,3.4011973816621546,2.995732273553991,1.6094379124340998,1.3862943611198908,0.0757201646090535,0.16049382716049382,0.24773662551440329,0.4152263374485597,0.5534979423868313,28.39917695473251,15.0,0.1736752654604646,4.787491742782046,4.787491742782046,4.787491742782046,4.787491742782046,0.0,0.0,0.0,1.0,4.787491742782046,
B0_uniform,raw,10,2105,4.787491742782046,0.9916666666666669,1.791759469228055,3.4011973816621555,2.9957322735539913,1.6094379124340998,1.3862943611198904,0.07458432304038004,0.17482185273159145,0.25653206650831356,0.4152019002375297,0.5353919239904988,27.947743467933492,16.0,0.17723358993665853,4.787491742782046,4.787491742782046,4.787491742782046,4.787491742782046,0.0,0.0,0.0,1.0,4.787491742782046,
B0_uniform,raw,11,2114,4.787491742782046,0.991666666666667,1.791759469228055,3.4011973816621555,2.9957322735539913,1.6094379124340998,1.3862943611198904,0.06338694418164617,0.15894039735099338,0.23888363292336803,0.41579943235572375,0.543046357615894,28.145222327341532,15.0,0.1646714511977471,4.787491742782046,4.787491742782046,4.787491742782046,4.787491742782046,0.0,0.0,0.0,1.0,4.787491742782046,
B0_uniform,raw,12,2096,4.787491742782046,0.9916666666666669,1.791759469228055,3.4011973816621555,2.9957322735539913,1.6094379124340998,1.3862943611198904,0.06822519083969465,0.16173664122137404,0.2595419847328244,0.4532442748091603,0.5958969465648855,25.9456106870229,13.0,0.17580780837479748,4.787491742782046,4.787491742782046,4.787491742782046,4.787491742782046,0.0,0.0,0.0,1.0,4.787491742782046,
B0_uniform,raw,13,2158,4.787491742782046,0.991666666666667,1.791759469228055,3.4011973816621555,2.995732273553991,1.6094379124341,1.3862943611198906,0.0778498609823911,0.170064874884152,0.24976830398517144,0.43697868396663575,0.5898980537534755,27.185356811862835,14.0,0.18123801331154993,4.787491742782046,4.787491742782046,4.787491742782046,4.787491742782046,0.0,0.0,0.0,1.0,4.787491742782046,
B0_uniform,raw,14,2051,4.787491742782047,0.9916666666666671,1.7917594692280547,3.401197381662156,2.995732273553991,1.6094379124340998,1.3862943611198904,0.0628961482203803,0.14188200877620674,0.21209166260360798,0.3627498781082399,0.49585568015602144,31.602632862018528,21.0,0.15265362280388306,4.787491742782046,4.787491742782046,4.787491742782046,4.787491742782046,0.0,0.0,0.0,1.0,4.787491742782047,
B0_uniform,raw,15,2299,4.787491742782046,0.991666666666667,1.791759469228055,3.401197381662155,2.995732273553991,1.6094379124341,1.3862943611198906,0.07090039147455415,0.16398434101783385,0.2496737712048717,0.4245324053936494,0.5602435841670291,27.809047411918225,15.0,0.17366489960930545,4.787491742782046,4.787491742782046,4.787491742782046,4.787491742782046,0.0,0.0,0.0,1.0,4.787491742782046,
B0_uniform,raw,16,2134,4.787491742782047,0.9916666666666669,1.791759469228055,3.4011973816621555,2.9957322735539913,1.6094379124341,1.3862943611198906,0.05810684161199625,0.15089034676663543,0.2450796626054358,0.4119025304592315,0.5670103092783505,27.64198687910028,15.0,0.16319917505611112,4.787491742782046,4.787491742782046,4.787491742782046,4.787491742782046,0.0,0.0,0.0,1.0,4.787491742782047,
B0_uniform,raw,17,2269,4.787491742782047,0.9916666666666669,1.791759469228055,3.401197381662155,2.9957322735539904,1.6094379124341,1.3862943611198908,0.08065226972234464,0.15557514323490523,0.24063464081092992,0.40546496253856323,0.5420890260026443,29.877038342882326,16.0,0.17204786171411088,4.787491742782046,4.787491742782046,4.787491742782046,4.787491742782046,0.0,0.0,0.0,1.0,4.787491742782047,
B0_uniform,raw,18,1750,4.787491742782047,0.9916666666666669,1.7917594692280547,3.4011973816621555,2.995732273553991,1.6094379124340998,1.3862943611198908,0.1,0.2102857142857143,0.3028571428571429,0.49542857142857144,0.6348571428571429,22.698285714285714,11.0,0.21314367522003416,4.787491742782046,4.787491742782046,4.787491742782046,4.787491742782046,0.0,0.0,0.0,1.0,4.787491742782047,
B0_uniform,raw,19,2231,4.787491742782046,0.9916666666666668,1.791759469228055,3.4011973816621546,2.9957322735539904,1.6094379124341,1.3862943611198908,0.07933662034961901,0.15867324069923802,0.24428507395786642,0.4392649036306589,0.5925593904078889,27.12550425818019,13.0,0.17857078125673267,4.787491742782046,4.787491742782046,4.787491742782046,4.787491742782046,0.0,0.0,0.0,1.0,4.787491742782046,
B0_uniform,raw,20,2018,4.787491742782048,0.991666666666667,1.7917594692280547,3.4011973816621563,2.9957322735539904,1.6094379124340998,1.3862943611198906,0.06937561942517344,0.14469772051536176,0.2358771060455897,0.4326065411298315,0.5827552031714569,28.320614469772053,14.0,0.16761704181196635,4.787491742782046,4.787491742782046,4.787491742782046,4.787491742782046,0.0,0.0,0.0,1.0,4.787491742782048,
B0_uniform,raw,21,2156,4.787491742782047,0.9916666666666669,1.791759469228055,3.4011973816621555,2.995732273553991,1.6094379124341,1.3862943611198906,0.07328385899814471,0.15584415584415584,0.24025974025974026,0.44434137291280146,0.6113172541743971,27.727272727272727,13.0,0.17431457623934835,4.787491742782046,4.787491742782046,4.787491742782046,4.787491742782046,0.0,0.0,0.0,1.0,4.787491742782047,
B0_uniform,raw,22,2136,4.787491742782047,0.991666666666667,1.791759469228055,3.4011973816621555,2.995732273553991,1.6094379124341,1.3862943611198906,0.07911985018726592,0.1853932584269663,0.28323970037453183,0.4550561797752809,0.5692883895131086,25.614700374531836,13.0,0.18719382641490448,4.787491742782046,4.787491742782046,4.787491742782046,4.787491742782046,0.0,0.0,0.0,1.0,4.787491742782047,
B0_uniform,raw,23,2250,4.787491742782046,0.9916666666666669,1.791759469228055,3.4011973816621546,2.9957322735539904,1.6094379124340998,1.3862943611198906,0.07822222222222222,0.16622222222222222,0.23822222222222222,0.4057777777777778,0.5391111111111111,28.912,16.0,0.17449358647323157,4.787491742782046,4.787491742782046,4.787491742782046,4.787491742782046,0.0,0.0,0.0,1.0,4.787491742782046,
B0_uniform,raw,24,2172,4.787491742782046,0.9916666666666669,1.791759469228055,3.401197381662155,2.995732273553991,1.6094379124341,1.3862943611198906,0.07780847145488029,0.1841620626151013,0.27808471454880296,0.47513812154696133,0.6376611418047882,23.858195211786374,12.0,0.19079755635868992,4.787491742782046,4.787491742782046,4.787491742782046,4.787491742782046,0.0,0.0,0.0,1.0,4.787491742782046,
B0_uniform,calibrated,01,2118,4.787491742782046,0.9916666666666668,1.791759469228055,3.4011973816621555,2.995732273553991,1.6094379124340998,1.3862943611198906,0.07034938621340887,0.15439093484419264,0.22757318224740322,0.3777148253068933,0.5193578847969783,31.875354107648725,18.0,0.16318579515292933,4.787491742782046,4.787491742782046,4.787491742782046,4.787491742782046,0.0,0.0,0.0,1.0,4.787491742782046,
B0_uniform,calibrated,02,2169,4.787491742782046,0.9916666666666669,1.791759469228055,3.401197381662155,2.995732273553991,1.6094379124340998,1.3862943611198906,0.045182111572153065,0.12171507607192254,0.1871830336560627,0.31904103273397877,0.42784693407100044,34.49838635315814,24.0,0.1302760623330902,4.787491742782046,4.787491742782046,4.787491742782046,4.787491742782046,0.0,0.0,0.0,1.0,4.787491742782046,
B0_uniform,calibrated,03,1750,4.787491742782047,0.9916666666666669,1.7917594692280547,3.4011973816621555,2.995732273553991,1.6094379124340998,1.3862943611198908,0.07314285714285715,0.15714285714285714,0.23714285714285716,0.388,0.5211428571428571,29.308,18.0,0.16674293007497146,4.787491742782046,4.787491742782046,4.787491742782046,4.787491742782046,0.0,0.0,0.0,1.0,4.787491742782047,
B0_uniform,calibrated,04,1974,4.787491742782047,0.991666666666667,1.7917594692280547,3.4011973816621555,2.995732273553991,1.6094379124341,1.3862943611198908,0.047619047619047616,0.11246200607902736,0.18439716312056736,0.3059777102330294,0.43667679837892603,35.677304964539005,24.0,0.1281884021091729,4.787491742782046,4.787491742782046,4.787491742782046,4.787491742782046,0.0,0.0,0.0,1.0,4.787491742782047,
B0_uniform,calibrated,05,2151,4.787491742782047,0.991666666666667,1.791759469228055,3.4011973816621555,2.995732273553991,1.6094379124341,1.3862943611198906,0.06741050674105067,0.15713621571362157,0.2403533240353324,0.400743840074384,0.5327754532775453,29.499767549976756,17.0,0.16407974869306988,4.787491742782046,4.787491742782046,4.787491742782046,4.787491742782046,0.0,0.0,0.0,1.0,4.787491742782047,
B0_uniform,calibrated,06,2330,4.787491742782046,0.9916666666666669,1.791759469228055,3.4011973816621546,2.9957322735539904,1.6094379124341,1.3862943611198904,0.06695278969957082,0.14678111587982834,0.22017167381974248,0.3781115879828326,0.5266094420600859,29.971673819742488,18.0,0.16015650213015045,4.787491742782046,4.787491742782046,4.787491742782046,4.787491742782046,0.0,0.0,0.0,1.0,4.787491742782046,
B0_uniform,calibrated,07,2131,4.787491742782047,0.9916666666666669,1.791759469228055,3.4011973816621555,2.995732273553991,1.6094379124341,1.3862943611198906,0.05865790708587518,0.14500234631628345,0.2266541529798217,0.41764429845143125,0.5739089629282027,28.281088690755514,14.0,0.16034932991134132,4.787491742782046,4.787491742782046,4.787491742782046,4.787491742782046,0.0,0.0,0.0,1.0,4.787491742782047,
B0_uniform,calibrated,08,2240,4.787491742782046,0.9916666666666669,1.791759469228055,3.401197381662155,2.9957322735539904,1.6094379124340998,1.3862943611198908,0.06517857142857143,0.1625,0.24196428571428572,0.4160714285714286,0.5821428571428572,28.407589285714284,14.0,0.1680404294163309,4.787491742782046,4.787491742782046,4.787491742782046,4.787491742782046,0.0,0.0,0.0,1.0,4.787491742782046,
B0_uniform,calibrated,09,2430,4.787491742782046,0.991666666666667,1.791759469228055,3.4011973816621546,2.995732273553991,1.6094379124340998,1.3862943611198908,0.0757201646090535,0.16049382716049382,0.24773662551440329,0.4152263374485597,0.5534979423868313,28.39917695473251,15.0,0.1736752654604646,4.787491742782046,4.787491742782046,4.787491742782046,4.787491742782046,0.0,0.0,0.0,1.0,4.787491742782046,
B0_uniform,calibrated,10,2105,4.787491742782046,0.9916666666666669,1.791759469228055,3.4011973816621555,2.9957322735539913,1.6094379124340998,1.3862943611198904,0.07458432304038004,0.17482185273159145,0.25653206650831356,0.4152019002375297,0.5353919239904988,27.947743467933492,16.0,0.17723358993665853,4.787491742782046,4.787491742782046,4.787491742782046,4.787491742782046,0.0,0.0,0.0,1.0,4.787491742782046,
B0_uniform,calibrated,11,2114,4.787491742782046,0.991666666666667,1.791759469228055,3.4011973816621555,2.9957322735539913,1.6094379124340998,1.3862943611198904,0.06338694418164617,0.15894039735099338,0.23888363292336803,0.41579943235572375,0.543046357615894,28.145222327341532,15.0,0.1646714511977471,4.787491742782046,4.787491742782046,4.787491742782046,4.787491742782046,0.0,0.0,0.0,1.0,4.787491742782046,
B0_uniform,calibrated,12,2096,4.787491742782046,0.9916666666666669,1.791759469228055,3.4011973816621555,2.9957322735539913,1.6094379124340998,1.3862943611198904,0.06822519083969465,0.16173664122137404,0.2595419847328244,0.4532442748091603,0.5958969465648855,25.9456106870229,13.0,0.17580780837479748,4.787491742782046,4.787491742782046,4.787491742782046,4.787491742782046,0.0,0.0,0.0,1.0,4.787491742782046,
B0_uniform,calibrated,13,2158,4.787491742782046,0.991666666666667,1.791759469228055,3.4011973816621555,2.995732273553991,1.6094379124341,1.3862943611198906,0.0778498609823911,0.170064874884152,0.24976830398517144,0.43697868396663575,0.5898980537534755,27.185356811862835,14.0,0.18123801331154993,4.787491742782046,4.787491742782046,4.787491742782046,4.787491742782046,0.0,0.0,0.0,1.0,4.787491742782046,
B0_uniform,calibrated,14,2051,4.787491742782047,0.9916666666666671,1.7917594692280547,3.401197381662156,2.995732273553991,1.6094379124340998,1.3862943611198904,0.0628961482203803,0.14188200877620674,0.21209166260360798,0.3627498781082399,0.49585568015602144,31.602632862018528,21.0,0.15265362280388306,4.787491742782046,4.787491742782046,4.787491742782046,4.787491742782046,0.0,0.0,0.0,1.0,4.787491742782047,
B0_uniform,calibrated,15,2299,4.787491742782046,0.991666666666667,1.791759469228055,3.401197381662155,2.995732273553991,1.6094379124341,1.3862943611198906,0.07090039147455415,0.16398434101783385,0.2496737712048717,0.4245324053936494,0.5602435841670291,27.809047411918225,15.0,0.17366489960930545,4.787491742782046,4.787491742782046,4.787491742782046,4.787491742782046,0.0,0.0,0.0,1.0,4.787491742782046,
B0_uniform,calibrated,16,2134,4.787491742782047,0.9916666666666669,1.791759469228055,3.4011973816621555,2.9957322735539913,1.6094379124341,1.3862943611198906,0.05810684161199625,0.15089034676663543,0.2450796626054358,0.4119025304592315,0.5670103092783505,27.64198687910028,15.0,0.16319917505611112,4.787491742782046,4.787491742782046,4.787491742782046,4.787491742782046,0.0,0.0,0.0,1.0,4.787491742782047,
B0_uniform,calibrated,17,2269,4.787491742782047,0.9916666666666669,1.791759469228055,3.401197381662155,2.9957322735539904,1.6094379124341,1.3862943611198908,0.08065226972234464,0.15557514323490523,0.24063464081092992,0.40546496253856323,0.5420890260026443,29.877038342882326,16.0,0.17204786171411088,4.787491742782046,4.787491742782046,4.787491742782046,4.787491742782046,0.0,0.0,0.0,1.0,4.787491742782047,
B0_uniform,calibrated,18,1750,4.787491742782047,0.9916666666666669,1.7917594692280547,3.4011973816621555,2.995732273553991,1.6094379124340998,1.3862943611198908,0.1,0.2102857142857143,0.3028571428571429,0.49542857142857144,0.6348571428571429,22.698285714285714,11.0,0.21314367522003416,4.787491742782046,4.787491742782046,4.787491742782046,4.787491742782046,0.0,0.0,0.0,1.0,4.787491742782047,
B0_uniform,calibrated,19,2231,4.787491742782046,0.9916666666666668,1.791759469228055,3.4011973816621546,2.9957322735539904,1.6094379124341,1.3862943611198908,0.07933662034961901,0.15867324069923802,0.24428507395786642,0.4392649036306589,0.5925593904078889,27.12550425818019,13.0,0.17857078125673267,4.787491742782046,4.787491742782046,4.787491742782046,4.787491742782046,0.0,0.0,0.0,1.0,4.787491742782046,
B0_uniform,calibrated,20,2018,4.787491742782048,0.991666666666667,1.7917594692280547,3.4011973816621563,2.9957322735539904,1.6094379124340998,1.3862943611198906,0.06937561942517344,0.14469772051536176,0.2358771060455897,0.4326065411298315,0.5827552031714569,28.320614469772053,14.0,0.16761704181196635,4.787491742782046,4.787491742782046,4.787491742782046,4.787491742782046,0.0,0.0,0.0,1.0,4.787491742782048,
B0_uniform,calibrated,21,2156,4.787491742782047,0.9916666666666669,1.791759469228055,3.4011973816621555,2.995732273553991,1.6094379124341,1.3862943611198906,0.07328385899814471,0.15584415584415584,0.24025974025974026,0.44434137291280146,0.6113172541743971,27.727272727272727,13.0,0.17431457623934835,4.787491742782046,4.787491742782046,4.787491742782046,4.787491742782046,0.0,0.0,0.0,1.0,4.787491742782047,
B0_uniform,calibrated,22,2136,4.787491742782047,0.991666666666667,1.791759469228055,3.4011973816621555,2.995732273553991,1.6094379124341,1.3862943611198906,0.07911985018726592,0.1853932584269663,0.28323970037453183,0.4550561797752809,0.5692883895131086,25.614700374531836,13.0,0.18719382641490448,4.787491742782046,4.787491742782046,4.787491742782046,4.787491742782046,0.0,0.0,0.0,1.0,4.787491742782047,
B0_uniform,calibrated,23,2250,4.787491742782046,0.9916666666666669,1.791759469228055,3.4011973816621546,2.9957322735539904,1.6094379124340998,1.3862943611198906,0.07822222222222222,0.16622222222222222,0.23822222222222222,0.4057777777777778,0.5391111111111111,28.912,16.0,0.17449358647323157,4.787491742782046,4.787491742782046,4.787491742782046,4.787491742782046,0.0,0.0,0.0,1.0,4.787491742782046,
B0_uniform,calibrated,24,2172,4.787491742782046,0.9916666666666669,1.791759469228055,3.401197381662155,2.995732273553991,1.6094379124341,1.3862943611198906,0.07780847145488029,0.1841620626151013,0.27808471454880296,0.47513812154696133,0.6376611418047882,23.858195211786374,12.0,0.19079755635868992,4.787491742782046,4.787491742782046,4.787491742782046,4.787491742782046,0.0,0.0,0.0,1.0,4.787491742782046,
B1_global_frequency,raw,01,2118,4.273909164926759,0.9776413498099744,1.4340386416999937,2.927765966781279,2.710928321444068,1.4937273250812853,1.3461431981454806,0.07034938621340887,0.17658168083097261,0.2507082152974504,0.3777148253068933,0.5547686496694996,29.09395656279509,16.0,0.169461559079434,5.806296634899512,6.1311035019748035,6.752235500127905,7.4051407733052805,0.007554296506137866,0.0,0.0,1.0,4.273909164926759,
B1_global_frequency,raw,02,2169,4.427695185674318,0.9842634300887709,1.5605024265720406,3.0633284485799783,2.773018094669895,1.5028260220079375,1.3643667370943395,0.045182111572153065,0.13692946058091288,0.20101429230059936,0.31904103273397877,0.4734900875979714,32.08483171968649,22.0,0.13667747859308652,5.783822505863204,6.116473188139697,6.7383886001432005,7.352688410743174,0.004149377593360996,0.0,0.0,1.0,4.427695185674318,
B1_global_frequency,raw,03,1750,4.237953846206218,0.9772628411790593,1.3927260934236418,2.8797126799891557,2.6842110064869296,1.4869865865655136,1.3582411662170628,0.07314285714285715,0.17314285714285715,0.24857142857142858,0.388,0.5611428571428572,27.722857142857144,16.0,0.17321489034983167,5.744385317390931,6.079328501726465,6.5666513268907005,7.028782494714666,0.001142857142857143,0.0,0.0,1.0,4.237953846206218,
B1_global_frequency,raw,04,1974,4.478136552955204,0.9852861181154936,1.5750515997093226,3.1175871211307724,2.793853235221166,1.5425355214214493,1.360549431824432,0.047619047619047616,0.1281661600810537,0.18541033434650456,0.3059777102330294,0.46808510638297873,33.85916919959473,24.0,0.13255850402379996,5.9412690991146055,6.364543353637901,6.882502444109078,7.4051407733052805,0.009625126646403243,0.0,0.0,1.0,4.478136552955204,
B1_global_frequency,raw,05,2151,4.229904199486077,0.9771639579387817,1.3857919234820484,2.872200189171624,2.6847713528194403,1.4864082656895756,1.3577040103144529,0.06741050674105067,0.1682938168293817,0.25058112505811253,0.400743840074384,0.5578800557880056,27.506276150627617,16.0,0.16894422559482303,5.721621156385692,6.054575343083626,6.634525010087814,7.066169609629707,0.0023245002324500234,0.0,0.0,1.0,4.229904199486077,
B1_global_frequency,raw,06,2330,4.259430759871341,0.9785282102261933,1.4009674113880586,2.887165528777496,2.7322966751604203,1.4861981173894374,1.3722652310938457,0.06695278969957082,0.15536480686695278,0.23948497854077253,0.3781115879828326,0.5506437768240343,28.013304721030043,17.0,0.16340178434983857,5.73070729259483,6.096344578000657,6.694329335431496,7.352688410743174,0.004291845493562232,0.0,0.0,1.0,4.259430759871341,
B1_global_frequency,raw,07,2131,4.157706163454193,0.9753147749610108,1.3216515197228114,2.811641291532373,2.6422440368307942,1.489989771809562,1.3460648719218198,0.05865790708587518,0.1651806663538245,0.2674800563115908,0.41764429845143125,0.5973721257625528,25.51806663538245,14.0,0.1686172969801814,5.598756468988378,6.018857376997481,6.636271230080476,7.113595558021286,0.0028155795401220087,0.0,0.0,1.0,4.157706163454193,
B1_global_frequency,raw,08,2240,4.172679275143655,0.9754928849260823,1.3230680783571094,2.8196787857575347,2.654362210779966,1.4966107074004258,1.35300048938612,0.06517857142857143,0.17589285714285716,0.2575892857142857,0.4160714285714286,0.59375,25.982589285714287,15.0,0.17259847882144555,5.615359084554997,6.091616455434106,6.708524251828273,7.352688410743174,0.004910714285714286,0.0,0.0,1.0,4.172679275143655,
B1_global_frequency,raw,09,2430,4.15734784896809,0.9748940888922963,1.354652525440293,2.8101608515370953,2.6242040137223137,1.4555083260968023,1.347186997430995,0.0757201646090535,0.1814814814814815,0.2625514403292181,0.4152263374485597,0.5991769547325103,25.55061728395062,14.0,0.18040169069718617,5.6045011802779365,6.010877542987138,6.592694282266554,7.4051407733052805,0.0024691358024691358,0.0,0.0,1.0,4.15734784896809,
B1_global_frequency,raw,10,2105,4.157630194670504,0.9742949126726584,1.374391383177099,2.8133708906392343,2.614822080604179,1.4389795074621348,1.3442593040312696,0.07458432304038004,0.19049881235154395,0.27600950118764844,0.4152019002375297,0.5928741092636579,25.835154394299288,14.0,0.18351733116327384,5.6951216252471815,6.054575359475225,6.63854131607094,7.2194314576244665,0.0028503562945368173,0.0,0.0,1.0,4.157630194670504,
B1_global_frequency,raw,11,2114,4.163760293372381,0.9755674220181635,1.3545320787591464,2.816283538156097,2.635085496883265,1.4617514593969503,1.3474767552162852,0.06338694418164617,0.17218543046357615,0.2568590350047304,0.41579943235572375,0.5908230842005676,25.580416272469254,14.0,0.1716333763751043,5.600389515144816,6.018537011320398,6.540804158970664,7.113595558021286,0.0023651844843897824,0.0,0.0,1.0,4.163760293372381,
B1_global_frequency,raw,12,2096,4.078774128677014,0.9725577165588811,1.2743320971201275,2.7277795125479187,2.6007020529372475,1.4534474154277912,1.350994616129095,0.06822519083969465,0.1894083969465649,0.2824427480916031,0.4532442748091603,0.6211832061068703,23.45706106870229,12.0,0.1838738050050664,5.5423459804339785,5.903265347120933,6.594455486898405,7.2194314576244665,0.004293893129770993,0.0,0.0,1.0,4.078774128677014,
B1_global_frequency,raw,13,2158,4.13043826214876,0.9734905410960119,1.292866926065168,2.779328677798127,2.648534288089055,1.4864617517329592,1.3511095843506333,0.0778498609823911,0.18906394810009267,0.2775718257645968,0.43697868396663575,0.6019462465245597,25.15940685820204,14.0,0.1868890757819844,5.601114737737094,6.020418657078058,6.5246014136673445,7.113595558021286,0.0027803521779425394,0.0,0.0,1.0,4.13043826214876,
B1_global_frequency,raw,14,2051,4.309472433423221,0.9802919706434726,1.4515559407365048,2.9386670543564075,2.7301283610838034,1.4871111136199022,1.370805379066813,0.0628961482203803,0.14578254509995126,0.2189176011701609,0.3627498781082399,0.530472940029254,29.165772793759142,18.0,0.15556757240424404,5.737776884163041,6.096344578000657,6.708524251828273,7.4051407733052805,0.006338371526084837,0.0,0.0,1.0,4.309472433423221,
B1_global_frequency,raw,15,2299,4.144269503459273,0.9741247183878868,1.3417258204255584,2.795259793195214,2.628470010934911,1.453533972769656,1.3490097102640588,0.07090039147455415,0.1857329273597216,0.27359721618094823,0.4245324053936494,0.6011309264897782,25.442801217920834,14.0,0.1812452050510518,5.600835849317275,6.054575359475225,6.703372425514717,7.113595558021286,0.004784688995215311,0.0,0.0,1.0,4.144269503459273,
B1_global_frequency,raw,16,2134,4.161498654142612,0.9758872517464767,1.33141639490308,2.8010744365888516,2.6416181633961964,1.4696580416857714,1.3604242175537602,0.05810684161199625,0.17104029990627928,0.2478912839737582,0.4119025304592315,0.6073102155576382,25.419400187441425,14.0,0.1682744159301639,5.6014865889635175,6.022500363852156,6.5572400519087495,7.2194314576244665,0.0032802249297094657,0.0,0.0,1.0,4.161498654142612,
B1_global_frequency,raw,17,2269,4.221642630910649,0.9758703975133938,1.3850005249887596,2.8729758406581154,2.6894627298994274,1.4879753156693554,1.348666790252534,0.08065226972234464,0.18113706478624944,0.25870427501101806,0.40546496253856323,0.5628029969149405,27.716615249008374,15.0,0.18040723484433802,5.758585440492914,6.115590945000502,6.697219724806959,7.4051407733052805,0.004407227853680035,0.0,0.0,1.0,4.221642630910649,
B1_global_frequency,raw,18,1750,3.9571136551837927,0.9672335351015839,1.1984018909655283,2.62544219471936,2.5204085337668456,1.4270403037538313,1.3316714604644329,0.1,0.2337142857142857,0.32,0.49542857142857144,0.6788571428571428,20.930857142857143,11.0,0.21766840328334128,5.4372847573078325,5.772315759825698,6.513726732599444,7.4051407733052805,0.0017142857142857142,0.0,0.0,1.0,3.9571136551837927,
B1_global_frequency,raw,19,2231,4.105656657366658,0.9730899495450198,1.2945656257912614,2.7617699060324576,2.6037563363058687,1.4672042802411964,1.3438867513342005,0.07933662034961901,0.18063648588077094,0.2756611385029135,0.4392649036306589,0.6158673240699238,24.337965038099508,13.0,0.1865902987703223,5.6033268538321765,6.018074159011969,6.6557041217829385,7.352688410743174,0.0031376064545047063,0.0,0.0,1.0,4.105656657366658,
B1_global_frequency,raw,20,2018,4.164915273665321,0.9750265151348781,1.3166961977080958,2.8091133872478586,2.652617823354517,1.4924171895397633,1.3558018864174621,0.06937561942517344,0.17244796828543113,0.2651139742319128,0.4326065411298315,0.5817641228939544,25.898909811694747,14.0,0.17642423035984192,5.675881791088756,6.047746929676166,6.669356130131217,7.352688410743174,0.002973240832507433,0.0,0.0,1.0,4.164915273665321,
B1_global_frequency,raw,21,2156,4.117068160776398,0.9730908116055529,1.2834673141816406,2.762847386319437,2.6405905055834036,1.4793800721377963,1.3542207744569614,0.07328385899814471,0.1841372912801484,0.2755102040816326,0.44434137291280146,0.6192022263450835,24.926252319109462,13.0,0.1844384151025407,5.610925621012892,6.093517981257717,6.729700349172397,7.2194314576244665,0.00510204081632653,0.0,0.0,1.0,4.117068160776398,
B1_global_frequency,raw,22,2136,4.06012027691282,0.9711906416291151,1.2957783335245354,2.729843753482253,2.554544969238941,1.4340654199577172,1.3302765234305673,0.07911985018726592,0.2153558052434457,0.30852059925093633,0.4550561797752809,0.6189138576779026,23.077247191011235,13.0,0.19654179405093314,5.465423194244642,5.81247307003822,6.457847965060722,7.2194314576244665,0.0014044943820224719,0.0,0.0,1.0,4.06012027691282,
B1_global_frequency,raw,23,2250,4.162228523293295,0.974921488387551,1.3778600417116265,2.8271961781271773,2.6076136533314993,1.4493361364155506,1.3350323451661172,0.07822222222222222,0.18222222222222223,0.2653333333333333,0.4057777777777778,0.5875555555555556,25.570666666666668,14.0,0.18136177790554944,5.600928812123882,6.037123362867201,6.692335963448414,7.4051407733052805,0.0035555555555555557,0.0,0.0,1.0,4.162228523293295,
B1_global_frequency,raw,24,2172,3.9966915520095934,0.9701463329709777,1.199383474409022,2.6496950808976676,2.5545784830224285,1.4503116064886457,1.346996471111925,0.07780847145488029,0.20395948434622468,0.29880294659300183,0.47513812154696133,0.6579189686924494,21.162523020257826,12.0,0.19758968647372216,5.420427024482645,5.7694041678026835,6.5246048992447285,6.970888516295764,0.00046040515653775324,0.0,0.0,1.0,3.9966915520095934,
B1_global_frequency,calibrated,01,2118,4.273616091831055,0.977641698814874,1.4336092594011824,2.927480375548594,2.710799301185296,1.493871116147411,1.3461357162824623,0.07034938621340887,0.17658168083097261,0.2507082152974504,0.3777148253068933,0.5547686496694996,29.09395656279509,16.0,0.169461559079434,5.794836177643942,6.122962219237505,6.725256439284636,7.390133157152642,0.007554296506137866,0.0,0.0,1.0,4.273616091831055,
B1_global_frequency,calibrated,02,2169,4.426351901871,0.9841868224232546,1.5596529600805304,3.0621760834626746,2.77234758031155,1.5025231233821443,1.364175818408324,0.045182111572153065,0.13692946058091288,0.20101429230059936,0.31904103273397877,0.4734900875979714,32.08483171968649,22.0,0.13667747859308652,5.772633776927399,6.119130044027355,6.710071299852066,7.390133157152642,0.004149377593360996,0.0,0.0,1.0,4.426351901871,
B1_global_frequency,calibrated,03,1750,4.238055018543201,0.9772846545798516,1.392634430710063,2.879758625209979,2.6843430907592043,1.487124194499916,1.3582963933332217,0.07314285714285715,0.17314285714285715,0.24857142857142858,0.388,0.5611428571428572,27.722857142857144,16.0,0.17321489034983167,5.736245549018195,6.070073405681555,6.585024329495276,7.038350746673204,0.001142857142857143,0.0,0.0,1.0,4.238055018543201,
B1_global_frequency,calibrated,04,1974,4.477421567790125,0.9852433226925503,1.5743936983512787,3.1169154175784457,2.79358230232465,1.5425217192271674,1.360506150211679,0.047619047619047616,0.1281661600810537,0.18541033434650456,0.3059777102330294,0.46808510638297873,33.85916919959473,24.0,0.13255850402379996,5.951559469198723,6.359666900484278,6.873448369553454,7.390133157152642,0.009625126646403243,0.0,0.0,1.0,4.477421567790125,
B1_global_frequency,calibrated,05,2151,4.230494842470736,0.977213414411427,1.3863013762604044,2.872706208175241,2.6850970495871995,1.4864048319148369,1.357788634295495,0.06741050674105067,0.1682938168293817,0.25058112505811253,0.400743840074384,0.5578800557880056,27.506276150627617,16.0,0.16894422559482303,5.703751996711456,6.04965780225602,6.634772216793188,7.038350746673204,0.0023245002324500234,0.0,0.0,1.0,4.230494842470736,
B1_global_frequency,calibrated,06,2330,4.259821334386552,0.9785273946630125,1.4015049402151578,2.8878282484514797,2.732115426498406,1.4863233082363214,1.3719930859350726,0.06695278969957082,0.15536480686695278,0.23948497854077253,0.3781115879828326,0.5506437768240343,28.013304721030043,17.0,0.16340178434983857,5.735891316385339,6.075194933451682,6.716860909797145,7.390133157152642,0.004291845493562232,0.0,0.0,1.0,4.259821334386552,
B1_global_frequency,calibrated,07,2131,4.1589776963418705,0.9753905957134592,1.322276223032457,2.8126654822405768,2.6432222779847283,1.4903892592081194,1.3463122141012944,0.05865790708587518,0.1651806663538245,0.2674800563115908,0.41764429845143125,0.5973721257625528,25.51806663538245,14.0,0.1686172969801814,5.594855883610187,6.0059585398079784,6.639720470526047,7.148224555662633,0.0028155795401220087,0.0,0.0,1.0,4.1589776963418705,
B1_global_frequency,calibrated,08,2240,4.172423666207169,0.9754999825724111,1.3229312347341535,2.819426042233417,2.6542396464231874,1.4964948074992637,1.352997623973752,0.06517857142857143,0.17589285714285716,0.2575892857142857,0.4160714285714286,0.59375,25.982589285714287,15.0,0.17259847882144555,5.628200563370494,6.068431649810687,6.713058771583941,7.390133157152642,0.004910714285714286,0.0,0.0,1.0,4.172423666207169,
B1_global_frequency,calibrated,09,2430,4.157606594601166,0.9749288258621265,1.3548977323081661,2.8104633361552636,2.6242968340946007,1.4555656038470977,1.3471432584459024,0.0757201646090535,0.1814814814814815,0.2625514403292181,0.4152263374485597,0.5991769547325103,25.55061728395062,14.0,0.18040169069718617,5.6028040872113625,6.013563315955044,6.618066382221371,7.321272742189744,0.0024691358024691358,0.0,0.0,1.0,4.157606594601166,
B1_global_frequency,calibrated,10,2105,4.158145976965485,0.9743338602733284,1.374567371557424,2.813680132872778,2.6154856844354506,1.4391127613153534,1.3444658440927064,0.07458432304038004,0.19049881235154395,0.27600950118764844,0.4152019002375297,0.5928741092636579,25.835154394299288,14.0,0.18351733116327384,5.684614276250565,6.04663756769727,6.646153200378774,7.209806719400889,0.0028503562945368173,0.0,0.0,1.0,4.158145976965485,
B1_global_frequency,calibrated,11,2114,4.164477672805975,0.9755701599672452,1.354970053395481,2.8170174426612387,2.6356989787246343,1.462047389265758,1.3474602301447354,0.06338694418164617,0.17218543046357615,0.2568590350047304,0.41579943235572375,0.5908230842005676,25.580416272469254,14.0,0.1716333763751043,5.594002370574961,6.0121636683404,6.534738499717454,7.148224555662633,0.0023651844843897824,0.0,0.0,1.0,4.164477672805975,
B1_global_frequency,calibrated,12,2096,4.08010117080963,0.9726124894125394,1.27572389759929,2.7291511341382844,2.6012823745420475,1.4534272365389942,1.350950036671346,0.06822519083969465,0.1894083969465649,0.2824427480916031,0.4532442748091603,0.6211832061068703,23.45706106870229,12.0,0.1838738050050664,5.539399982164266,5.90490093911855,6.564336703591459,7.209806719400889,0.004293893129770993,0.0,0.0,1.0,4.08010117080963,
B1_global_frequency,calibrated,13,2158,4.131026462171576,0.973508843566776,1.293573146391978,2.7798298546812097,2.649016282660725,1.4862567082892317,1.3511966074903667,0.0778498609823911,0.18906394810009267,0.2775718257645968,0.43697868396663575,0.6019462465245597,25.15940685820204,14.0,0.1868890757819844,5.6028040872113625,6.023411711801927,6.5237594834516806,7.148224555662633,0.0027803521779425394,0.0,0.0,1.0,4.131026462171576,
B1_global_frequency,calibrated,14,2051,4.308267433262675,0.9802210345155777,1.4507348677099767,2.9376218422000178,2.7295159265613664,1.4868869744900406,1.3706455910626574,0.0628961482203803,0.14578254509995126,0.2189176011701609,0.3627498781082399,0.530472940029254,29.165772793759142,18.0,0.15556757240424404,5.735891316385339,6.066939355062648,6.717011570099946,7.390133157152642,0.006338371526084837,0.0,0.0,1.0,4.308267433262675,
B1_global_frequency,calibrated,15,2299,4.144345798897573,0.9741437077283726,1.3416395242051646,2.795269769460365,2.628596959496202,1.4536302452552001,1.3490760294372075,0.07090039147455415,0.1857329273597216,0.27359721618094823,0.4245324053936494,0.6011309264897782,25.442801217920834,14.0,0.1812452050510518,5.59689373005704,6.051264156180675,6.647469235229592,7.148224555662633,0.004784688995215311,0.0,0.0,1.0,4.144345798897573,
B1_global_frequency,calibrated,16,2134,4.16201402637806,0.9759012385022681,1.3317290047116512,2.801525700939307,2.642009911465192,1.4697966962276556,1.3604883254387525,0.05810684161199625,0.17104029990627928,0.2478912839737582,0.4119025304592315,0.6073102155576382,25.419400187441425,14.0,0.1682744159301639,5.598739004991854,6.016712523087997,6.585316961885665,7.209806719400889,0.0032802249297094657,0.0,0.0,1.0,4.16201402637806,
B1_global_frequency,calibrated,17,2269,4.222177798137975,0.9759182863072484,1.3851827260883323,2.873398617334283,2.690048891908054,1.4882158912459509,1.348779180803692,0.08065226972234464,0.18113706478624944,0.25870427501101806,0.40546496253856323,0.5628029969149405,27.716615249008374,15.0,0.18040723484433802,5.763483573694258,6.122962219237505,6.6850881349706945,7.321272742189744,0.004407227853680035,0.0,0.0,1.0,4.222177798137975,
B1_global_frequency,calibrated,18,1750,3.9574910234320035,0.9672556641497506,1.1985638948382522,2.6256726305996803,2.5208935147761315,1.427108735761428,1.3318183928323235,0.1,0.2337142857142857,0.32,0.49542857142857144,0.6788571428571428,20.930857142857143,11.0,0.21766840328334128,5.4316391622494296,5.7788014105056975,6.453125588800696,7.321272742189744,0.0017142857142857142,0.0,0.0,1.0,3.9574910234320035,
B1_global_frequency,calibrated,19,2231,4.1065243602783355,0.9731376604656189,1.2948949292249592,2.7625917618173768,2.604500400001092,1.4676968325924176,1.3439325984609582,0.07933662034961901,0.18063648588077094,0.2756611385029135,0.4392649036306589,0.6158673240699238,24.337965038099508,13.0,0.1865902987703223,5.603498105742983,6.016712523087997,6.630033503666116,7.390133157152642,0.0031376064545047063,0.0,0.0,1.0,4.1065243602783355,
B1_global_frequency,calibrated,20,2018,4.165223472897121,0.9750471425669377,1.3170839410845794,2.809366573879274,2.6528530327650954,1.4922826327946943,1.3558568990178461,0.06937561942517344,0.17244796828543113,0.2651139742319128,0.4326065411298315,0.5817641228939544,25.898909811694747,14.0,0.17642423035984192,5.676211469711279,6.041834181271928,6.635114977097259,7.390133157152642,0.002973240832507433,0.0,0.0,1.0,4.165223472897121,
B1_global_frequency,calibrated,21,2156,4.117450210361676,0.9731235311458055,1.2841320877537825,2.7633200118222248,2.6406651616990167,1.479187924068442,1.354130198539452,0.07328385899814471,0.1841372912801484,0.2755102040816326,0.44434137291280146,0.6192022263450835,24.926252319109462,13.0,0.1844384151025407,5.621040811831137,6.07673248777576,6.716928706933405,7.209806719400889,0.00510204081632653,0.0,0.0,1.0,4.117450210361676,
B1_global_frequency,calibrated,22,2136,4.060641455964633,0.971211023962337,1.2961991883753057,2.7303461405579053,2.5548681748020505,1.4341469521825998,1.3302953154067274,0.07911985018726592,0.2153558052434457,0.30852059925093633,0.4550561797752809,0.6189138576779026,23.077247191011235,13.0,0.19654179405093314,5.469858170473278,5.822142500208534,6.43533276754139,7.209806719400889,0.0014044943820224719,0.0,0.0,1.0,4.060641455964633,
B1_global_frequency,calibrated,23,2250,4.1628672681284495,0.974964179334419,1.3781683976908365,2.827776705647556,2.60805088367315,1.4496083079567195,1.3350905624808944,0.07822222222222222,0.18222222222222223,0.2653333333333333,0.4057777777777778,0.5875555555555556,25.570666666666668,14.0,0.18136177790554944,5.594855883610187,6.0056727896811,6.663462056337694,7.321272742189744,0.0035555555555555557,0.0,0.0,1.0,4.1628672681284495,
B1_global_frequency,calibrated,24,2172,3.997285425654335,0.9701806244818976,1.1997506103732611,2.6501932859976622,2.5549591690036055,1.4504426756244004,1.347092139656673,0.07780847145488029,0.20395948434622468,0.29880294659300183,0.47513812154696133,0.6579189686924494,21.162523020257826,12.0,0.19758968647372216,5.4213064129641095,5.7788014105056975,6.517189933467412,6.980261364848052,0.00046040515653775324,0.0,0.0,1.0,3.997285425654335,
B2_hierarchical_frequency,raw,01,2118,4.254619822642473,0.976464772436244,1.411275345595241,2.901791346425279,2.686976105897667,1.4905160008300384,1.352828476217194,0.07034938621340887,0.17186024551463644,0.25401322001888577,0.3899905571293673,0.559017941454202,29.393295561850802,16.0,0.17238177772631277,5.689140786560081,6.060689794728025,6.921173289534704,7.603957287737742,0.0113314447592068,0.0,0.0,1.0,4.254619822642473,
B2_hierarchical_frequency,raw,02,2169,4.403246331952125,0.9826213972854945,1.5200344715489955,3.0244729290699337,2.745149610236583,1.5044384575209386,1.3787734028821907,0.04702627939142462,0.1392346703550023,0.1954817888427847,0.3171968649147072,0.4785615491009682,32.492853849700325,22.0,0.1373082624633364,5.587280621918896,6.000791685208498,6.823116696234281,7.90651078723243,0.009681881051175657,0.0,0.0,1.0,4.403246331952125,
B2_hierarchical_frequency,raw,03,1750,4.2556419839203565,0.9774908474859655,1.3907108013024,2.8820102920171644,2.6852283812711404,1.4912994907147643,1.3736316919031923,0.07314285714285715,0.17314285714285715,0.24,0.38171428571428573,0.5605714285714286,28.437714285714286,16.0,0.17131386193098017,5.614126406160486,5.978089157330134,6.825190370522769,8.041417836221049,0.009714285714285713,0.0,0.0,1.0,4.2556419839203565,
B2_hierarchical_frequency,raw,04,1974,4.4527331198725175,0.9836507532338974,1.5439695634471537,3.077806688329647,2.774342549110454,1.5338371248824931,1.3749264315428713,0.04711246200607903,0.1281661600810537,0.1945288753799392,0.31560283687943264,0.46403242147923,34.30091185410334,23.0,0.13299159119950887,5.680429986592317,6.10120221902645,6.798439684221507,7.998728879370737,0.008105369807497468,0.0,0.0,1.0,4.4527331198725175,
B2_hierarchical_frequency,raw,05,2151,4.23745387995928,0.9770555801066995,1.3747843378200713,2.865235087262342,2.681826532997289,1.4904507494422707,1.3722187926969376,0.06741050674105067,0.1589958158995816,0.25430032543003256,0.3914458391445839,0.5615992561599256,28.12877731287773,16.0,0.16678895322172407,5.6772907378275725,6.144011307516082,6.815143867467617,8.114345932064944,0.00790330079033008,0.0,0.0,1.0,4.23745387995928,
B2_hierarchical_frequency,raw,06,2330,4.270002992420031,0.9783140666666733,1.3940620792451304,2.882780472320082,2.7282990999875243,1.4887183930749517,1.3872225200999493,0.06695278969957082,0.15107296137339055,0.23261802575107296,0.3703862660944206,0.5527896995708155,28.55922746781116,17.0,0.1627617225813187,5.701656507365963,6.107870064716396,6.997514962115018,7.922743522994249,0.011158798283261802,0.0,0.0,1.0,4.270002992420031,
B2_hierarchical_frequency,raw,07,2131,4.151830451340638,0.9745678950031778,1.3062120673603033,2.7906854739355853,2.630385270736331,1.4844734065752823,1.361144977405053,0.05865790708587518,0.17644298451431253,0.2698263725950258,0.42092914124824027,0.6001877053026748,25.870483341154387,14.0,0.171988714088135,5.653595529806848,6.13699150221743,6.7685914718118525,7.952549760630807,0.008446738620366025,0.0,0.0,1.0,4.151830451340638,
B2_hierarchical_frequency,raw,08,2240,4.174578449831271,0.9751993557759415,1.3126117677594349,2.812813279837043,2.642720604143336,1.5002015120776084,1.3617651699942275,0.06517857142857143,0.17276785714285714,0.2575892857142857,0.41696428571428573,0.590625,26.399107142857144,14.0,0.1727706459672487,5.676073172908638,6.008373633872615,6.988978282661516,7.772015656493668,0.011160714285714286,0.0,0.0,1.0,4.174578449831271,
B2_hierarchical_frequency,raw,09,2430,4.16439890904673,0.9744737261402199,1.3441402277887184,2.7983756568182976,2.6198666779656103,1.4542354290295796,1.366023252228431,0.0757201646090535,0.1814814814814815,0.26584362139917694,0.4148148148148148,0.6012345679012345,26.148559670781893,15.0,0.18004346713532404,5.803731814120684,6.217676368665565,7.108676998772799,8.573066462108455,0.015637860082304528,0.0,0.0,1.0,4.16439890904673,
B2_hierarchical_frequency,raw,10,2105,4.1432365507092515,0.9733374972564307,1.3595172538732063,2.791027534968078,2.596126013529524,1.4315102810948719,1.3522090157411732,0.07458432304038004,0.19619952494061757,0.27648456057007126,0.4199524940617577,0.5938242280285035,25.826603325415675,14.0,0.18533930236089893,5.812314462262689,6.171272844854644,6.924039401052305,8.183493884815674,0.012351543942992874,0.0,0.0,1.0,4.1432365507092515,
B2_hierarchical_frequency,raw,11,2114,4.173758383366259,0.9754947266695826,1.3498510527877197,2.8112038544449907,2.6328692723663485,1.4613528016572717,1.3625545289212673,0.06622516556291391,0.17218543046357615,0.2578051087984863,0.4181646168401135,0.5941343424787133,26.079470198675498,15.0,0.1728304630172621,5.709954614689616,6.118837096151414,7.043444615455365,8.386851023338513,0.01229895931882687,0.0,0.0,1.0,4.173758383366259,
B2_hierarchical_frequency,raw,12,2096,4.072085057225934,0.9720236448643398,1.2630754980291021,2.7085042118969183,2.5871982815466152,1.4454287138678164,1.3635808453290155,0.06822519083969465,0.19751908396946566,0.2824427480916031,0.4484732824427481,0.625,23.723759541984734,12.0,0.18482522590880335,5.77335313183808,6.193323873207402,7.004225266481025,8.020958900179833,0.013358778625954198,0.0,0.0,1.0,4.072085057225934,
B2_hierarchical_frequency,raw,13,2158,4.135728190957473,0.9730492233930894,1.2800824363056915,2.767112865479746,2.6397412633014956,1.4870304291740544,1.3686153254777276,0.0778498609823911,0.20296570898980537,0.28266913809082483,0.4272474513438369,0.608433734939759,25.476830398517144,14.0,0.19065120442494146,5.764030643638105,6.200395468921867,7.220826383397538,8.664950476984412,0.016218721037998145,0.0,0.0,1.0,4.135728190957473,
B2_hierarchical_frequency,raw,14,2051,4.3040822340758496,0.9795718853480205,1.4351569370767896,2.920802122189823,2.718419728481204,1.4856451851130335,1.3832801118860263,0.0628961482203803,0.14431984397854705,0.22086786933203315,0.355923939541687,0.5270599707459775,29.43637250121892,18.0,0.15535331496238158,5.561616339624144,6.032401312114284,6.972483606165034,8.274829039598613,0.01121404193076548,0.0,0.0,1.0,4.3040822340758496,
B2_hierarchical_frequency,raw,15,2299,4.138914320448393,0.973008287597623,1.330635345677982,2.7795894627329925,2.611924204935971,1.4489541170550104,1.3593248577154005,0.07090039147455415,0.19356241844280123,0.2753371030882993,0.4258373205741627,0.60852544584602,25.870813397129186,14.0,0.18397714458442394,5.769141144061727,6.2073897087251,6.9362146850333914,8.41803261232971,0.01087429317094389,0.0,0.0,1.0,4.138914320448393,
B2_hierarchical_frequency,raw,16,2134,4.163972758442909,0.9751730700569511,1.322515720174665,2.7944286555655795,2.629502273089308,1.4719129353909148,1.3695441028773292,0.05810684161199625,0.1738519212746017,0.2572633552014995,0.415651358950328,0.6021555763823805,26.062792877225867,14.0,0.1686984766345051,5.6988025602124015,6.030044957808665,6.683466878756494,7.8867258954210895,0.00937207122774133,0.0,0.0,1.0,4.163972758442909,
B2_hierarchical_frequency,raw,17,2269,4.2258987489290165,0.9753693715137067,1.3749927042953083,2.8639161833657396,2.6826786993863005,1.4889234790704315,1.3619825655632765,0.08065226972234464,0.18069634200088144,0.2661965623622741,0.4023799030409872,0.5623622741295725,28.029969149405023,15.0,0.18309638863462938,5.876400647087307,6.419695331662163,7.205960025775342,8.004781144690524,0.016747465843984136,0.0,0.0,1.0,4.2258987489290165,
B2_hierarchical_frequency,raw,18,1750,3.938635324329679,0.9653555658218043,1.1707177137497955,2.5921090411702243,2.491789673071812,1.4213913274204284,1.3465262831594556,0.1,0.2337142857142857,0.31942857142857145,0.4977142857142857,0.6777142857142857,21.46742857142857,11.0,0.22001571604570128,5.77012208271651,6.19273548151049,6.966753987332026,8.531792169829277,0.011428571428571429,0.0,0.0,1.0,3.938635324329679,
B2_hierarchical_frequency,raw,19,2231,4.099821080609533,0.9723147340148188,1.284020014837449,2.7467961981266003,2.587708881497204,1.4627761832891513,1.3530248824829323,0.07933662034961901,0.18601523980277904,0.2792469744509189,0.43836844464365754,0.6167637830569251,24.62662483191394,13.0,0.1889498305652329,5.776193068582913,6.228172480936287,6.853417383572982,7.7363868469594355,0.008516360376512775,0.0,0.0,1.0,4.099821080609533,
B2_hierarchical_frequency,raw,20,2018,4.146618952827838,0.9737269131661657,1.3009452071264551,2.7855332393235788,2.6294794619336703,1.484588032197124,1.3610857135042602,0.06937561942517344,0.17046580773042616,0.2690782953419227,0.43062438057482655,0.589197224975223,26.0599603567889,14.0,0.17849671218379787,5.703979337096166,6.05501770281492,6.776990743266845,7.783386815594535,0.006937561942517344,0.0,0.0,1.0,4.146618952827838,
B2_hierarchical_frequency,raw,21,2156,4.088837608050799,0.9712582947058918,1.2549953110411338,2.7214677376955785,2.607473866917104,1.466472426654445,1.3673698703552202,0.07328385899814471,0.19387755102040816,0.2898886827458256,0.4605751391465677,0.6363636363636364,24.831632653061224,12.0,0.18898683509302075,5.783441775832747,6.185144736521943,7.254107582212256,8.629373408744593,0.017625231910946195,0.0,0.0,1.0,4.088837608050799,
B2_hierarchical_frequency,raw,22,2136,4.044904464622304,0.9702082298469189,1.277083783012876,2.7066749309801885,2.537525069733611,1.429591147967313,1.3382295336421144,0.07911985018726592,0.2153558052434457,0.3089887640449438,0.450374531835206,0.6226591760299626,23.174157303370787,12.0,0.197352346701924,5.6372695011365295,6.121141438800283,7.157508832604732,8.721597920759526,0.020599250936329586,0.0,0.0,1.0,4.044904464622304,
B2_hierarchical_frequency,raw,23,2250,4.1627602992787995,0.9737849216911902,1.3656881553875928,2.8090415290241375,2.5931741065546903,1.4433533736365445,1.3537187702546623,0.07822222222222222,0.18666666666666668,0.26355555555555554,0.4128888888888889,0.5844444444444444,26.24222222222222,15.0,0.18265466810630746,5.666957845490181,6.209142673700416,7.1785698511007245,8.665855385726795,0.015111111111111112,0.0,0.0,1.0,4.1627602992787995,
B2_hierarchical_frequency,raw,24,2172,3.987362739080186,0.969709498936432,1.180619187233767,2.632750718170388,2.5428894282641528,1.4521315309366216,1.3546120209097987,0.07780847145488029,0.20165745856353592,0.3001841620626151,0.4714548802946593,0.6583793738489871,21.528545119705342,12.0,0.19519003757231188,5.613585605856589,6.083030289999239,6.94311928758774,7.749881266350653,0.011049723756906077,0.0,0.0,1.0,3.987362739080186,
B2_hierarchical_frequency,calibrated,01,2118,4.255141305039142,0.9765633528123702,1.4118529961089508,2.9026954873880735,2.6879125747481494,1.4908424912791227,1.3524458176510672,0.07034938621340887,0.17186024551463644,0.25401322001888577,0.3899905571293673,0.559017941454202,29.393295561850802,16.0,0.17238177772631277,5.656940481160871,6.026560430018899,6.863778554965738,7.594495816007962,0.009442870632672332,0.0,0.0,1.0,4.255141305039142,
B2_hierarchical_frequency,calibrated,02,2169,4.401818083525871,0.9825551390456688,1.519479853941893,3.024134856527063,2.745890920325211,1.5046550025851706,1.3776832269988073,0.04702627939142462,0.1392346703550023,0.1954817888427847,0.3171968649147072,0.4785615491009682,32.492853849700325,22.0,0.1373082624633364,5.542745639961625,5.971072515538696,6.776511882615419,7.896305571084627,0.006454587367450438,0.0,0.0,1.0,4.401818083525871,
B2_hierarchical_frequency,calibrated,03,1750,4.256810217771263,0.9776069704982702,1.3925152863828532,2.883953709816569,2.6861243487236135,1.4914384234337161,1.372856507954694,0.07314285714285715,0.17314285714285715,0.24,0.38171428571428573,0.5605714285714286,28.437714285714286,16.0,0.17131386193098017,5.594746746617296,5.92521749947042,6.723758245557279,7.921871356534834,0.009142857142857144,0.0,0.0,1.0,4.256810217771263,
B2_hierarchical_frequency,calibrated,04,1974,4.450407453708494,0.9835893072303155,1.5428461837977818,3.076314372759842,2.7743435973373867,1.5334681889620603,1.3740930809486525,0.04711246200607903,0.1281661600810537,0.1945288753799392,0.31560283687943264,0.46403242147923,34.30091185410334,23.0,0.13299159119950887,5.644037848746761,6.069449760822685,6.729525958635465,7.88166450556925,0.006585612968591692,0.0,0.0,1.0,4.450407453708494,
B2_hierarchical_frequency,calibrated,05,2151,4.237182229041584,0.977097982530466,1.3753281126386965,2.8655996604999365,2.6826339666589987,1.4902715478612403,1.3715825685416465,0.06741050674105067,0.1589958158995816,0.25430032543003256,0.3914458391445839,0.5615992561599256,28.12877731287773,16.0,0.16678895322172407,5.626416277452182,6.080360483829992,6.743519757179197,7.9265070554374635,0.005578800557880056,0.0,0.0,1.0,4.237182229041584,
B2_hierarchical_frequency,calibrated,06,2330,4.2698317037579425,0.9783179438143548,1.3949798715907036,2.884054616684998,2.7279883411126997,1.4890747450942945,1.3857770870729453,0.06695278969957082,0.15107296137339055,0.23261802575107296,0.3703862660944206,0.5527896995708155,28.55922746781116,17.0,0.1627617225813187,5.668882748764125,6.032984972772218,6.948789043887881,7.912136828295439,0.01072961373390558,0.0,0.0,1.0,4.2698317037579425,
B2_hierarchical_frequency,calibrated,07,2131,4.154057491432308,0.9746836008244387,1.3084759941486583,2.793641903005271,2.6323977842610224,1.4851659088566125,1.3604155884270375,0.05865790708587518,0.17644298451431253,0.2698263725950258,0.42092914124824027,0.6001877053026748,25.870483341154387,14.0,0.171988714088135,5.609086196442532,6.0880355629887575,6.721863926513426,7.941611643716991,0.00656968559361802,0.0,0.0,1.0,4.154057491432308,
B2_hierarchical_frequency,calibrated,08,2240,4.174573897786322,0.9752184235177859,1.3132820856933003,2.8132746317415673,2.643584030957017,1.499992546048267,1.3612992660447552,0.06517857142857143,0.17276785714285714,0.2575892857142857,0.41696428571428573,0.590625,26.399107142857144,14.0,0.1727706459672487,5.645944516718051,5.974365667621566,6.885924640074224,7.598129970528819,0.009821428571428571,0.0,0.0,1.0,4.174573897786322,
B2_hierarchical_frequency,calibrated,09,2430,4.162939456329927,0.9744472274130863,1.3439575209303345,2.798033396185005,2.619563256864477,1.4540758752546703,1.364906060144922,0.0757201646090535,0.1814814814814815,0.26584362139917694,0.4148148148148148,0.6012345679012345,26.148559670781893,15.0,0.18004346713532404,5.752716543973672,6.1513466672997845,7.100089296107365,8.560095880984745,0.01440329218106996,0.0,0.0,1.0,4.162939456329927,
B2_hierarchical_frequency,calibrated,10,2105,4.143806168679459,0.9734400903697543,1.3596204810662098,2.791740741166436,2.5978569025790574,1.4321202601002265,1.3520654275130235,0.07458432304038004,0.19619952494061757,0.27648456057007126,0.4199524940617577,0.5938242280285035,25.826603325415675,14.0,0.18533930236089893,5.768517255686246,6.134033804982122,6.90662220224698,8.1720415400651,0.009976247030878859,0.0,0.0,1.0,4.143806168679459,
B2_hierarchical_frequency,calibrated,11,2114,4.173660950387719,0.9754718884414681,1.3502123575288367,2.8117503514219773,2.6338089467926804,1.4615379938931403,1.3619105989657423,0.06622516556291391,0.17218543046357615,0.2578051087984863,0.4181646168401135,0.5941343424787133,26.079470198675498,15.0,0.1728304630172621,5.681100817314934,6.050687921679616,7.023923046518164,8.292185013666415,0.010406811731315043,0.0,0.0,1.0,4.173660950387719,
B2_hierarchical_frequency,calibrated,12,2096,4.073020151489318,0.9720548276749854,1.2650498869372102,2.710603234488365,2.587869588318401,1.4455533475511544,1.3624169170009524,0.06822519083969465,0.19751908396946566,0.2824427480916031,0.4484732824427481,0.625,23.723759541984734,12.0,0.18482522590880335,5.722798029929352,6.134765191441071,6.861299549274899,7.830643621933391,0.009064885496183206,0.0,0.0,1.0,4.073020151489318,
B2_hierarchical_frequency,calibrated,13,2158,4.1357980335177675,0.9731112236962964,1.281498209434205,2.7681599324371207,2.6400492984228667,1.4866617230029162,1.3676381010806458,0.0778498609823911,0.20296570898980537,0.28266913809082483,0.4272474513438369,0.608433734939759,25.476830398517144,14.0,0.19065120442494146,5.7272508425725,6.15754297696951,7.098571911713407,8.651940054757885,0.013438368860055607,0.0,0.0,1.0,4.1357980335177675,
B2_hierarchical_frequency,calibrated,14,2051,4.302653805525744,0.9795309848035543,1.4351205096578656,2.920654469099002,2.7182216568674225,1.4855339594411365,1.3819993364267424,0.0628961482203803,0.14431984397854705,0.22086786933203315,0.355923939541687,0.5270599707459775,29.43637250121892,18.0,0.15535331496238158,5.541895511986175,5.981087256457035,6.8982044288753155,8.14627823904238,0.008776206728425159,0.0,0.0,1.0,4.302653805525744,
B2_hierarchical_frequency,calibrated,15,2299,4.139034405911144,0.9730839730114385,1.331103195693991,2.7805846189580192,2.612790501978809,1.449481423264028,1.3584497869531256,0.07090039147455415,0.19356241844280123,0.2753371030882993,0.4258373205741627,0.60852544584602,25.870813397129186,14.0,0.18397714458442394,5.735646806758182,6.144211162185048,6.8541104651839415,8.322234739650028,0.009569377990430622,0.0,0.0,1.0,4.139034405911144,
B2_hierarchical_frequency,calibrated,16,2134,4.165490720630703,0.9752481387135362,1.3241276800510664,2.7965675911950316,2.6312259337210415,1.4724399111439648,1.368923129435671,0.05810684161199625,0.1738519212746017,0.2572633552014995,0.415651358950328,0.6021555763823805,26.062792877225867,14.0,0.1686984766345051,5.655086757966256,5.975355727073861,6.67633753917202,7.784274430559353,0.00937207122774133,0.0,0.0,1.0,4.165490720630703,
B2_hierarchical_frequency,calibrated,17,2269,4.224388437492502,0.9754339577000898,1.3741369078989187,2.8630805162368547,2.6823052899768016,1.4889436083379353,1.3613079212556474,0.08065226972234464,0.18069634200088144,0.2661965623622741,0.4023799030409872,0.5623622741295725,28.029969149405023,15.0,0.18309638863462938,5.819426702384763,6.358460893223653,7.161225357092934,7.818178699557288,0.01498457470251212,0.0,0.0,1.0,4.224388437492502,
B2_hierarchical_frequency,calibrated,18,1750,3.9394566073545545,0.9654693120381157,1.1717633309910578,2.5933819472499318,2.4934937473753838,1.4216186162588742,1.3460746601046227,0.1,0.2337142857142857,0.31942857142857145,0.4977142857142857,0.6777142857142857,21.46742857142857,11.0,0.22001571604570128,5.72288905594741,6.140934151045022,6.871410276133941,8.309530815018505,0.009142857142857144,0.0,0.0,1.0,3.9394566073545545,
B2_hierarchical_frequency,calibrated,19,2231,4.101161815385433,0.9724089822748027,1.285123411682524,2.748491263822098,2.589573184488472,1.4633678521395732,1.3526705515633355,0.07933662034961901,0.18601523980277904,0.2792469744509189,0.43836844464365754,0.6167637830569251,24.62662483191394,13.0,0.1889498305652329,5.725130662772131,6.1884350329164635,6.8350475186748385,7.562588521015409,0.008068130883012102,0.0,0.0,1.0,4.101161815385433,
B2_hierarchical_frequency,calibrated,20,2018,4.147986598438511,0.97381272020867,1.3029036436942718,2.7872634926176,2.6304689252809887,1.484359848923328,1.3607231058209113,0.06937561942517344,0.17046580773042616,0.2690782953419227,0.43062438057482655,0.589197224975223,26.0599603567889,14.0,0.17849671218379787,5.669560084444365,6.014029138506878,6.673531122437693,7.772957775794185,0.006442021803766105,0.0,0.0,1.0,4.147986598438511,
B2_hierarchical_frequency,calibrated,21,2156,4.0898524776581,0.9713730752809528,1.2568516581076863,2.7233204257527768,2.6082846292577058,1.4664687676450907,1.3665320519053237,0.07328385899814471,0.19387755102040816,0.2898886827458256,0.4605751391465677,0.6363636363636364,24.831632653061224,12.0,0.18898683509302075,5.735167399441252,6.129425389789778,7.172074809209778,8.529450151421704,0.013914656771799629,0.0,0.0,1.0,4.0898524776581,
B2_hierarchical_frequency,calibrated,22,2136,4.044969176507071,0.9702715216484104,1.2779274927344126,2.7074058619453405,2.537979170854941,1.4294783692109279,1.3375633145617314,0.07911985018726592,0.2153558052434457,0.3089887640449438,0.450374531835206,0.6226591760299626,23.174157303370787,12.0,0.197352346701924,5.583591899992134,6.086951607021609,7.120233062015126,8.619121737673819,0.018258426966292134,0.0,0.0,1.0,4.044969176507071,
B2_hierarchical_frequency,calibrated,23,2250,4.163325946190145,0.9738976716476629,1.3660904210624907,2.8102171608082966,2.594635139128066,1.4441267397458062,1.353108785381849,0.07822222222222222,0.18666666666666668,0.26355555555555554,0.4128888888888889,0.5844444444444444,26.24222222222222,15.0,0.18265466810630746,5.633079926946196,6.1429162204186705,7.107192273438137,8.567001647028713,0.014222222222222223,0.0,0.0,1.0,4.163325946190145,
B2_hierarchical_frequency,calibrated,24,2172,3.989464515623121,0.9697903150483166,1.1830503792956035,2.6355231023449686,2.544203866898915,1.4524727230493648,1.353941413278152,0.07780847145488029,0.20165745856353592,0.3001841620626151,0.4714548802946593,0.6583793738489871,21.528545119705342,12.0,0.19519003757231188,5.583044802572941,6.019143511247822,6.861371422646832,7.629825340593551,0.009668508287292817,0.0,0.0,1.0,3.989464515623121,
B3_autoregressive_hierarchical_frequency,raw,01,2118,4.224324821389132,0.9753999152101263,1.3905770974791833,2.8804385644998534,2.670562510426608,1.4898614670206702,1.3438862568892782,0.0679886685552408,0.17705382436260622,0.2554296506137866,0.3937677053824363,0.5538243626062322,28.98961284230406,16.0,0.17183445260747768,5.668723934549722,6.010713695844786,6.599906549962294,7.808790312225954,0.003777148253068933,0.0,0.0,1.0,4.224324821389132,
B3_autoregressive_hierarchical_frequency,raw,02,2169,4.3674660167843475,0.9816712466132778,1.4986635886924689,3.0028229516639646,2.732880126752511,1.5041593629714958,1.3646430651203838,0.04887044721069617,0.14107883817427386,0.19732595666205624,0.32826187183033656,0.4854771784232365,31.656062701705856,22.0,0.13906071623072347,5.550305246719283,5.904948250495127,6.58863484921827,7.580609431967447,0.005071461502996773,0.0,0.0,1.0,4.3674660167843475,
B3_autoregressive_hierarchical_frequency,raw,03,1750,4.250533551665072,0.977594916433792,1.397958989467114,2.889738290399982,2.679497777277639,1.4917793009328688,1.3607952612650895,0.07314285714285715,0.17314285714285715,0.23314285714285715,0.38685714285714284,0.5582857142857143,28.269142857142857,16.5,0.17109163077002607,5.562534975302026,5.8570352895964355,6.697046931978969,7.929977072578823,0.006285714285714286,0.0,0.0,1.0,4.250533551665072,
B3_autoregressive_hierarchical_frequency,raw,04,1974,4.437480659435069,0.9832692326443145,1.5388452326778634,3.0743090655954806,2.766305676182461,1.535463832917617,1.363171593839589,0.044579533941236066,0.12512664640324214,0.19098277608915906,0.31560283687943264,0.4625126646403242,34.11347517730496,23.0,0.13200296681915133,5.655960167762328,6.009088225191671,6.5611296055394845,7.253800424925383,0.001519756838905775,0.0,0.0,1.0,4.437480659435069,
B3_autoregressive_hierarchical_frequency,raw,05,2151,4.217575599187693,0.9765085390920546,1.3663092989463321,2.8555542404844014,2.6751577476350494,1.4892449415380693,1.3620213587032919,0.06741050674105067,0.15434681543468154,0.2510460251046025,0.400743840074384,0.5597396559739656,27.754067875406786,16.0,0.16639844855256156,5.675926020125009,6.066026479132534,6.6576235732024305,7.59250120438796,0.005113900511390051,0.0,0.0,1.0,4.217575599187693,
B3_autoregressive_hierarchical_frequency,raw,06,2330,4.253659062350074,0.9780931701908328,1.391735880907942,2.8810775167533493,2.7247377749519637,1.4893416358454075,1.3725815455967247,0.06523605150214593,0.14849785407725322,0.23090128755364808,0.3742489270386266,0.5532188841201717,28.134763948497856,16.0,0.16061503337505245,5.7299081304488695,6.030481128597418,6.539378206601173,7.302259144362198,0.002145922746781116,0.0,0.0,1.0,4.253659062350074,
B3_autoregressive_hierarchical_frequency,raw,07,2131,4.125183572127229,0.9740648712545593,1.2909089240093568,2.779011369620577,2.6188560003993153,1.4881024456112202,1.346172202506652,0.0666353824495542,0.17456593148756452,0.2595025809479118,0.42045987799155327,0.5987799155326138,25.409197559831064,14.0,0.17471282517130599,5.578225342514739,5.926822770196536,6.5460079724604485,7.969526868838339,0.003754106053496011,0.0,0.0,1.0,4.125183572127229,
B3_autoregressive_hierarchical_frequency,raw,08,2240,4.156841911500225,0.9748716928482167,1.3044001794687892,2.804060172507767,2.6391254914029734,1.4996599930389776,1.3527817389924586,0.06383928571428571,0.1732142857142857,0.25401785714285713,0.415625,0.5959821428571429,26.09107142857143,14.0,0.1719834285750117,5.649087341808029,5.968050620528565,6.596997280826747,7.667435456826336,0.004464285714285714,0.0,0.0,1.0,4.156841911500225,
B3_autoregressive_hierarchical_frequency,raw,09,2430,4.138633699668668,0.9736370439369847,1.3334818762494745,2.788673650732723,2.611854926565779,1.4551917744832483,1.3499600489359467,0.0757201646090535,0.1814814814814815,0.26049382716049385,0.4181069958847737,0.5979423868312758,25.80617283950617,14.0,0.1806000596554571,5.731232030014706,6.156614179819946,7.215925947509813,8.42078873280425,0.01728395061728395,0.0,0.0,1.0,4.138633699668668,
B3_autoregressive_hierarchical_frequency,raw,10,2105,4.1193489228067595,0.9725182275068374,1.3436062656111785,2.7756429808923504,2.582351008997026,1.432036715281172,1.3437059419144082,0.07125890736342043,0.1995249406175772,0.27980997624703086,0.43515439429928743,0.597624703087886,25.71211401425178,14.0,0.18398914670214034,5.834848065119494,6.150933308932651,6.777546742855907,7.516911960431047,0.006175771971496437,0.0,0.0,1.0,4.1193489228067595,
B3_autoregressive_hierarchical_frequency,raw,11,2114,4.161158600479755,0.9754501799485094,1.3472797136233874,2.81129165621018,2.6267732426628116,1.464011942586793,1.3498669442695752,0.06669820245979187,0.16982024597918638,0.25733207190160834,0.41863765373699147,0.5941343424787133,25.815988647114477,15.0,0.17250816126760488,5.688850646530004,6.074020061209474,6.938495148455148,7.901135839394102,0.011352885525070956,0.0,0.0,1.0,4.161158600479755,
B3_autoregressive_hierarchical_frequency,raw,12,2096,4.053634369446906,0.9716723755520627,1.2562050455153786,2.70108776391302,2.581106815446843,1.4448827183976414,1.3525466055338853,0.06822519083969465,0.1965648854961832,0.2862595419847328,0.45038167938931295,0.6245229007633588,23.41078244274809,12.5,0.18452350440675697,5.624415138603439,6.148398288011373,6.888047559755576,7.957215466044334,0.009064885496183206,0.0,0.0,1.0,4.053634369446906,
B3_autoregressive_hierarchical_frequency,raw,13,2158,4.102604905533632,0.9722552207504439,1.2688175652398368,2.7524513695621398,2.6297220751790142,1.4836338043223025,1.3501535359714936,0.08155699721964782,0.2057460611677479,0.28313253012048195,0.4304911955514365,0.6190917516218721,24.781278962001853,13.0,0.19366388978900903,5.741467191713925,6.169081928390791,6.862989295848532,8.140601409331781,0.007877664504170528,0.0,0.0,1.0,4.102604905533632,
B3_autoregressive_hierarchical_frequency,raw,14,2051,4.282959088339687,0.9790559666708255,1.4234414438208876,2.911906531429281,2.7117096517812476,1.4884650876083936,1.371052556910406,0.06338371526084836,0.14480741101901512,0.22233057045343735,0.3583617747440273,0.5246221355436372,29.073622623110676,18.0,0.15600772126117887,5.577677339064906,5.920414778930832,6.8222212134277385,7.436335448134181,0.009751340809361287,0.0,0.0,1.0,4.282959088339687,
B3_autoregressive_hierarchical_frequency,raw,15,2299,4.107147529845039,0.9720030100016744,1.3162353545101522,2.761492807975582,2.5987967006977866,1.4452574534654292,1.3456547218694568,0.07481513701609395,0.1879077859939104,0.2753371030882993,0.4297520661157025,0.6054806437581557,25.32970856894302,14.0,0.1851145711060745,5.726724382002778,6.1074372645357675,6.637394050425429,7.468760504108132,0.006089604175728578,0.0,0.0,1.0,4.107147529845039,
B3_autoregressive_hierarchical_frequency,raw,16,2134,4.136593991497909,0.9740753494997535,1.3082188859346395,2.778444011376619,2.617898497411489,1.4702251254419796,1.3581499801212893,0.05857544517338332,0.16588566073102157,0.25679475164011245,0.4217432052483599,0.6087160262417994,25.742268041237114,14.0,0.1677835538271578,5.625212112824661,6.036208509688032,6.480628914982251,7.0768335906277,0.0018744142455482662,0.0,0.0,1.0,4.136593991497909,
B3_autoregressive_hierarchical_frequency,raw,17,2269,4.206802518041987,0.9750844414399092,1.3655404488900629,2.8580748854154265,2.673231192867175,1.4925344365253634,1.3487276326265598,0.08021154693697664,0.1855442926399295,0.2604671661524901,0.40590568532393123,0.5672102247686205,27.628029969149406,16.0,0.1823452942044087,5.870009261962784,6.331588995411024,6.982556611312385,7.766729840154673,0.011899515204936095,0.0,0.0,1.0,4.206802518041987,
B3_autoregressive_hierarchical_frequency,raw,18,1750,3.911856974995701,0.9647837646512151,1.163717424939153,2.5810734176057655,2.4853756531431874,1.417355992666612,1.3307835573899351,0.1,0.23542857142857143,0.32057142857142856,0.49542857142857144,0.6765714285714286,20.908571428571427,11.0,0.21966941310083127,5.759057716819784,6.1540367545604635,6.759012543813976,8.619283467340923,0.0074285714285714285,0.0,0.0,1.0,3.911856974995701,
B3_autoregressive_hierarchical_frequency,raw,19,2231,4.089728372155559,0.9719772302665638,1.2800556320582903,2.7465575241488502,2.5790194019228694,1.4665018920905597,1.343170848006709,0.07933662034961901,0.18691169878978037,0.28238458090542357,0.43881667413715825,0.6118332586284178,24.591214701927388,13.0,0.18856477118806828,5.782682750606068,6.077325020003768,6.647744273719213,7.326422929219518,0.0022411474675033617,0.0,0.0,1.0,4.089728372155559,
B3_autoregressive_hierarchical_frequency,raw,20,2018,4.115731829725206,0.9724364852422308,1.2811850945335979,2.7633541521727305,2.6193714941986452,1.4821690576391326,1.3523776775524758,0.06739345887016848,0.17145688800792863,0.26858275520317143,0.4276511397423191,0.5931615460852329,25.63181367690783,14.0,0.1776838265649534,5.610077274259673,5.951266267966557,6.499384043975034,7.302804494097115,0.0044598612487611496,0.0,0.0,1.0,4.115731829725206,
B3_autoregressive_hierarchical_frequency,raw,21,2156,4.038503377123017,0.9700165953415754,1.2256831115345068,2.6875024217348105,2.58242707935672,1.4618193102003034,1.3510009553882065,0.07467532467532467,0.19990723562152132,0.2949907235621521,0.46660482374768086,0.640074211502783,23.84369202226345,12.0,0.19301922958547602,5.711011960399295,6.099962194931931,6.934791315446783,7.713243305450253,0.011131725417439703,0.0,0.0,1.0,4.038503377123017,
B3_autoregressive_hierarchical_frequency,raw,22,2136,4.0297686025583905,0.9694882900304269,1.2675674237216843,2.6991911035683867,2.5306470137084447,1.4316236798467024,1.3305774989900039,0.07911985018726592,0.2144194756554307,0.30758426966292135,0.4597378277153558,0.6212546816479401,23.023408239700373,12.0,0.1977941110824316,5.6411238262544,6.211851954624551,7.079319124780209,8.310302097587725,0.013108614232209739,0.0,0.0,1.0,4.0297686025583905,
B3_autoregressive_hierarchical_frequency,raw,23,2250,4.124936239107146,0.972124974715948,1.3518530229110595,2.7886401581288442,2.576799853856804,1.4367871352177848,1.3362960809783015,0.08133333333333333,0.18755555555555556,0.2693333333333333,0.4128888888888889,0.5897777777777777,25.845333333333333,14.0,0.18543358812573155,5.663262386843752,6.0588246037311535,6.959226782731667,8.28719360988333,0.011111111111111112,0.0,0.0,1.0,4.124936239107146,
B3_autoregressive_hierarchical_frequency,raw,24,2172,3.9801981330688894,0.9698203761384577,1.1747797322293363,2.629749311615118,2.5438402882204696,1.4549695793857818,1.350448821453771,0.07550644567219153,0.20303867403314918,0.29880294659300183,0.4686924493554328,0.6620626151012892,21.413443830570902,12.0,0.19376585176900957,5.689053059841642,6.018649615318246,6.8823434960090974,7.863295266167354,0.009208103130755065,0.0,0.0,1.0,3.9801981330688894,
B3_autoregressive_hierarchical_frequency,calibrated,01,2118,4.225029671596123,0.9754595449776945,1.3909325756426376,2.881070951988092,2.671381871785457,1.4901383763454545,1.3439587196080298,0.0679886685552408,0.17705382436260622,0.2554296506137866,0.3937677053824363,0.5538243626062322,28.98961284230406,16.0,0.17183445260747768,5.642344357041248,5.972522749650313,6.550379827320964,7.756006635414779,0.0033050047214353163,0.0,0.0,1.0,4.225029671596123,
B3_autoregressive_hierarchical_frequency,calibrated,02,2169,4.367356739377847,0.9816449966394067,1.4987988349158181,3.0030516969135306,2.733618940347849,1.5042528619977125,1.364305042464316,0.04887044721069617,0.14107883817427386,0.19732595666205624,0.32826187183033656,0.4854771784232365,31.656062701705856,22.0,0.13906071623072347,5.529310822408442,5.877553880351726,6.534485557073352,7.534673092104054,0.004149377593360996,0.0,0.0,1.0,4.367356739377847,
B3_autoregressive_hierarchical_frequency,calibrated,03,1750,4.25155532803572,0.9776675352211928,1.398945064090857,2.8908956696502224,2.680359135657632,1.4919506055593657,1.3606596583854969,0.07314285714285715,0.17314285714285715,0.23314285714285715,0.38685714285714284,0.5582857142857143,28.269142857142857,16.5,0.17109163077002607,5.550719086343499,5.813296288774949,6.659836244563918,7.8537076497788165,0.005142857142857143,0.0,0.0,1.0,4.25155532803572,
B3_autoregressive_hierarchical_frequency,calibrated,04,1974,4.4367490762604325,0.9832537851338934,1.5384448236504782,3.0737241544815337,2.7666037068293474,1.5352793308310553,1.3630249217788988,0.044579533941236066,0.12512664640324214,0.19098277608915906,0.31560283687943264,0.4625126646403242,34.11347517730496,23.0,0.13200296681915133,5.633039307654624,5.960180680341552,6.5190748552146305,7.1256476737740835,0.0010131712259371835,0.0,0.0,1.0,4.4367490762604325,
B3_autoregressive_hierarchical_frequency,calibrated,05,2151,4.217683840879857,0.9765478194556091,1.3665567169300854,2.85564655194541,2.6758322357848536,1.489089835015324,1.3620372889344483,0.06741050674105067,0.15434681543468154,0.2510460251046025,0.400743840074384,0.5597396559739656,27.754067875406786,16.0,0.16639844855256156,5.657793380123914,6.028413178712526,6.634613335393489,7.520803603778901,0.004649000464900047,0.0,0.0,1.0,4.217683840879857,
B3_autoregressive_hierarchical_frequency,calibrated,06,2330,4.254013062167967,0.9780843879387211,1.3923676273653267,2.8819573276583834,2.724532535073061,1.4895897002930565,1.372055734509584,0.06523605150214593,0.14849785407725322,0.23090128755364808,0.3742489270386266,0.5532188841201717,28.134763948497856,16.0,0.16061503337505245,5.710880083036631,6.004062739200133,6.52819071331337,7.258603794238724,0.0017167381974248926,0.0,0.0,1.0,4.254013062167967,
B3_autoregressive_hierarchical_frequency,calibrated,07,2131,4.127098844250632,0.9741378570181375,1.2921713808387951,2.7808018298874266,2.620597951688538,1.488630449048631,1.346297014363206,0.0666353824495542,0.17456593148756452,0.2595025809479118,0.42045987799155327,0.5987799155326138,25.409197559831064,14.0,0.17471282517130599,5.566933073765514,5.910254134712316,6.500771880683183,7.8014178609875975,0.0028155795401220087,0.0,0.0,1.0,4.127098844250632,
B3_autoregressive_hierarchical_frequency,calibrated,08,2240,4.156821500945198,0.9748637318617783,1.3044747244137471,2.8039988256951722,2.6396846272303582,1.4995241012814253,1.3528226752500256,0.06383928571428571,0.1732142857142857,0.25401785714285713,0.415625,0.5959821428571429,26.09107142857143,14.0,0.1719834285750117,5.641637579592652,5.937403385299329,6.554272639703088,7.6926676190803756,0.0035714285714285713,0.0,0.0,1.0,4.156821500945198,
B3_autoregressive_hierarchical_frequency,calibrated,09,2430,4.137580176189727,0.9735995157290831,1.3329580666458922,2.7879332028130506,2.6115086805802994,1.4549751361671581,1.3496469733766756,0.0757201646090535,0.1814814814814815,0.26049382716049385,0.4181069958847737,0.5979423868312758,25.80617283950617,14.0,0.1806000596554571,5.712353717657846,6.1155307904854945,7.180728919893335,8.451975206979522,0.015637860082304528,0.0,0.0,1.0,4.137580176189727,
B3_autoregressive_hierarchical_frequency,calibrated,10,2105,4.1198551455932,0.9725794847751489,1.3436154179633601,2.775870797959601,2.5836768695580434,1.4322553799962412,1.3439843476335995,0.07125890736342043,0.1995249406175772,0.27980997624703086,0.43515439429928743,0.597624703087886,25.71211401425178,14.0,0.18398914670214034,5.804236486860243,6.1170586977805375,6.729249614426165,7.468941185927147,0.005225653206650831,0.0,0.0,1.0,4.1198551455932,
B3_autoregressive_hierarchical_frequency,calibrated,11,2114,4.161407552083801,0.9754070267150037,1.3474767458518808,2.811597671562477,2.6275885645913606,1.4641209257105958,1.3498098805213246,0.06669820245979187,0.16982024597918638,0.25733207190160834,0.41863765373699147,0.5941343424787133,25.815988647114477,15.0,0.17250816126760488,5.683840478284652,6.044794167997559,6.934676599926548,7.845708396084538,0.010406811731315043,0.0,0.0,1.0,4.161407552083801,
B3_autoregressive_hierarchical_frequency,calibrated,12,2096,4.054278866475244,0.9716677773766613,1.257366277195904,2.7020875970130445,2.58159281652813,1.4447213198171407,1.3521912694621996,0.06822519083969465,0.1965648854961832,0.2862595419847328,0.45038167938931295,0.6245229007633588,23.41078244274809,12.5,0.18452350440675697,5.603834237646168,6.100472303474473,6.830957385087871,7.879121379776836,0.009064885496183206,0.0,0.0,1.0,4.054278866475244,
B3_autoregressive_hierarchical_frequency,calibrated,13,2158,4.102920023518204,0.9722619518354462,1.2696647223022746,2.752835071706479,2.6302417194305217,1.483170349404205,1.3500849518117257,0.08155699721964782,0.2057460611677479,0.28313253012048195,0.4304911955514365,0.6190917516218721,24.781278962001853,13.0,0.19366388978900903,5.698338176784724,6.1365325357907805,6.805488995906377,8.053766618245682,0.005097312326227989,0.0,0.0,1.0,4.102920023518204,
B3_autoregressive_hierarchical_frequency,calibrated,14,2051,4.28209656603328,0.9790163529041765,1.4232839559334662,2.9115230817717035,2.711528523431501,1.4882391258382375,1.3705734842615764,0.06338371526084836,0.14480741101901512,0.22233057045343735,0.3583617747440273,0.5246221355436372,29.073622623110676,18.0,0.15600772126117887,5.553844035010346,5.894197981324351,6.789628104005498,7.311002776968196,0.009263773768893223,0.0,0.0,1.0,4.28209656603328,
B3_autoregressive_hierarchical_frequency,calibrated,15,2299,4.1074362953994745,0.9720448509132296,1.3162325260714234,2.7618017649296878,2.599628267280283,1.4455692388582642,1.3456345304697863,0.07481513701609395,0.1879077859939104,0.2753371030882993,0.4297520661157025,0.6054806437581557,25.32970856894302,14.0,0.1851145711060745,5.698149434856075,6.08166002867859,6.569905726728221,7.493217087064646,0.006089604175728578,0.0,0.0,1.0,4.1074362953994745,
B3_autoregressive_hierarchical_frequency,calibrated,16,2134,4.1381469333603835,0.9741432227072112,1.3093583659384749,2.7800125070308317,2.6193780390999515,1.4706541410923568,1.3581344263295523,0.05857544517338332,0.16588566073102157,0.25679475164011245,0.4217432052483599,0.6087160262417994,25.742268041237114,14.0,0.1677835538271578,5.599944425888768,5.997408171061193,6.46203329010751,7.0876716777796585,0.0018744142455482662,0.0,0.0,1.0,4.1381469333603835,
B3_autoregressive_hierarchical_frequency,calibrated,17,2269,4.206027250454806,0.975123516670095,1.364551658666575,2.857195720652195,2.6734265128845074,1.492644061985621,1.3488315298026108,0.08021154693697664,0.1855442926399295,0.2604671661524901,0.40590568532393123,0.5672102247686205,27.628029969149406,16.0,0.1823452942044087,5.8430968429848855,6.294180487370659,6.938700323522366,7.619639443791777,0.011458792419568091,0.0,0.0,1.0,4.206027250454806,
B3_autoregressive_hierarchical_frequency,calibrated,18,1750,3.9119364968821797,0.9647967449617658,1.1634512149626297,2.5809827618215464,2.4863415690074544,1.417531546858917,1.3309537350606335,0.1,0.23542857142857143,0.32057142857142856,0.49542857142857144,0.6765714285714286,20.908571428571427,11.0,0.21966941310083127,5.75113686317531,6.108749057797074,6.692836704234877,8.414159701201786,0.005142857142857143,0.0,0.0,1.0,3.9119364968821797,
B3_autoregressive_hierarchical_frequency,calibrated,19,2231,4.090586265821137,0.9720221652760372,1.280332501676325,2.7472896828548494,2.5806518348018193,1.4669571811785242,1.3432965829662873,0.07933662034961901,0.18691169878978037,0.28238458090542357,0.43881667413715825,0.6118332586284178,24.591214701927388,13.0,0.18856477118806828,5.746217052671596,6.047052169608078,6.619256903429392,7.346682930323027,0.0017929179740026895,0.0,0.0,1.0,4.090586265821137,
B3_autoregressive_hierarchical_frequency,calibrated,20,2018,4.116857882991416,0.9724878911243994,1.282468444831378,2.764378658150634,2.620235014353897,1.4819102133192565,1.352479224840782,0.06739345887016848,0.17145688800792863,0.26858275520317143,0.4276511397423191,0.5931615460852329,25.63181367690783,14.0,0.1776838265649534,5.595634451905556,5.931004099781692,6.458659035799489,7.260484283283478,0.0044598612487611496,0.0,0.0,1.0,4.116857882991416,
B3_autoregressive_hierarchical_frequency,calibrated,21,2156,4.039314091558473,0.9700815777027293,1.2268304600153672,2.688522741000022,2.5831503768736335,1.4616922809846546,1.35079135055845,0.07467532467532467,0.19990723562152132,0.2949907235621521,0.46660482374768086,0.640074211502783,23.84369202226345,12.0,0.19301922958547602,5.68448876614023,6.078483929147832,6.893228319126665,7.737343808978781,0.00927643784786642,0.0,0.0,1.0,4.039314091558473,
B3_autoregressive_hierarchical_frequency,calibrated,22,2136,4.029513953829362,0.969496800098445,1.267688952908508,2.699054583764295,2.5309938548337256,1.431365630855787,1.3304593700650669,0.07911985018726592,0.2144194756554307,0.30758426966292135,0.4597378277153558,0.6212546816479401,23.023408239700373,12.0,0.1977941110824316,5.614982614688984,6.166701215144145,7.014698748342306,8.252153629078455,0.012172284644194757,0.0,0.0,1.0,4.029513953829362,
B3_autoregressive_hierarchical_frequency,calibrated,23,2250,4.125840474151812,0.972236067410455,1.3520764805462726,2.789493478735631,2.577981053711988,1.4374169981893585,1.3363469954161815,0.08133333333333333,0.18755555555555556,0.2693333333333333,0.4128888888888889,0.5897777777777777,25.845333333333333,14.0,0.18543358812573155,5.635367677997476,6.028666944545757,6.895135092176088,8.100751531392932,0.009777777777777778,0.0,0.0,1.0,4.125840474151812,
B3_autoregressive_hierarchical_frequency,calibrated,24,2172,3.981352556447572,0.9698343001734073,1.175813831839365,2.6309908201894023,2.544772381514054,1.4551769883500372,1.3503617362581692,0.07550644567219153,0.20303867403314918,0.29880294659300183,0.4686924493554328,0.6620626151012892,21.413443830570902,12.0,0.19376585176900957,5.65917795389459,5.980361457441817,6.830407396015953,7.784083496290386,0.006906077348066298,0.0,0.0,1.0,3.981352556447572,
