status,eligible_for_model_training,purpose,experiment_proposal_id,hypothesis_id,title,overlap_classification,parent_hypothesis_ids,control,treatment,primary_metric_contract,proposal_status,required_gate
provisional,false,hypothesis_addendum_sidecar_review_only,ADD-H034,H034,段階的確率更新モデル,variant_of_existing,H012;H015;H019,親仮説または既存baselineのみ。同一as-of feature集合・同一evaluation contractを固定する。,全情報一括入力モデルとの比較。事前branchと展示更新branchを同条件で評価する。,evaluation_contract_v1_1.dev_calibrated_trifecta_log_loss,proposed_not_added_to_core_decision_experiments,Gate1_then_Gate2_design_review
provisional,false,hypothesis_addendum_sidecar_review_only,ADD-H035,H035,展示サプライズ残差モデル,new_distinct_hypothesis,H012;H013,親仮説または既存baselineのみ。同一as-of feature集合・同一evaluation contractを固定する。,展示生値・場内順位・期待値残差の比較。,evaluation_contract_v1_1.dev_calibrated_trifecta_log_loss,proposed_not_added_to_core_decision_experiments,Gate1_then_Gate2_design_review
provisional,false,hypothesis_addendum_sidecar_review_only,ADD-H036,H036,Top-3集合→順序分解モデル,variant_of_existing,H015;H017;H019,親仮説または既存baselineのみ。同一as-of feature集合・同一evaluation contractを固定する。,120直接Softmax、自己回帰Top-3との比較。,evaluation_contract_v1_1.dev_calibrated_trifecta_log_loss,proposed_not_added_to_core_decision_experiments,Gate1_then_Gate2_design_review
provisional,false,hypothesis_addendum_sidecar_review_only,ADD-H037,H037,厳密正規化Permutation CRF／Energy Model,variant_of_existing,H015;H019;H020,親仮説または既存baselineのみ。同一as-of feature集合・同一evaluation contractを固定する。,直接120 head、共有トリプルスコアラーとの比較。,evaluation_contract_v1_1.dev_calibrated_trifecta_log_loss,proposed_not_added_to_core_decision_experiments,Gate1_then_Gate2_design_review
provisional,false,hypothesis_addendum_sidecar_review_only,ADD-H038,H038,相関ランダム効用モデル,variant_of_existing,H018;H010;H011,親仮説または既存baselineのみ。同一as-of feature集合・同一evaluation contractを固定する。,Plackett–Luce、文脈依存自己回帰との比較。,evaluation_contract_v1_1.dev_calibrated_trifecta_log_loss,proposed_not_added_to_core_decision_experiments,Gate1_then_Gate2_design_review
provisional,false,hypothesis_addendum_sidecar_review_only,ADD-H039,H039,多粒度確率整合学習,variant_of_existing,H015;H017;H019,親仮説または既存baselineのみ。同一as-of feature集合・同一evaluation contractを固定する。,三連単単独学習との比較。,evaluation_contract_v1_1.dev_calibrated_trifecta_log_loss,proposed_not_added_to_core_decision_experiments,Gate1_then_Gate2_design_review
provisional,false,hypothesis_addendum_sidecar_review_only,ADD-H041,H041,類似レース検索拡張モデル,new_distinct_hypothesis,H016;H021,親仮説または既存baselineのみ。同一as-of feature集合・同一evaluation contractを固定する。,検索なし表形式／構造モデルとの比較。,evaluation_contract_v1_1.dev_calibrated_trifecta_log_loss,proposed_not_added_to_core_decision_experiments,Gate1_then_Gate2_design_review
provisional,false,hypothesis_addendum_sidecar_review_only,ADD-H042,H042,低ランク交差相互作用モデル,variant_of_existing,H007;H008;H010,親仮説または既存baselineのみ。同一as-of feature集合・同一evaluation contractを固定する。,単純加算、完全交差embeddingとの比較。,evaluation_contract_v1_1.dev_calibrated_trifecta_log_loss,proposed_not_added_to_core_decision_experiments,Gate1_then_Gate2_design_review
provisional,false,hypothesis_addendum_sidecar_review_only,ADD-H045,H045,コールドスタート階層モデル,new_distinct_hypothesis,H001;H004;H021,親仮説または既存baselineのみ。同一as-of feature集合・同一evaluation contractを固定する。,ID embedding、単純平均補完との比較。,evaluation_contract_v1_1.dev_calibrated_trifecta_log_loss,proposed_not_added_to_core_decision_experiments,Gate1_then_Gate2_design_review
provisional,false,hypothesis_addendum_sidecar_review_only,ADD-H048,H048,15ペア勝敗→120通り再構成モデル,variant_of_existing,H010;H018;H019,親仮説または既存baselineのみ。同一as-of feature集合・同一evaluation contractを固定する。,直接120、Plackett–Luceとの比較。,evaluation_contract_v1_1.dev_calibrated_trifecta_log_loss,proposed_not_added_to_core_decision_experiments,Gate1_then_Gate2_design_review
provisional,false,hypothesis_addendum_sidecar_review_only,ADD-H050,H050,連続時間・主体別状態空間モデル,variant_of_existing,H021;H001;H005,親仮説または既存baselineのみ。同一as-of feature集合・同一evaluation contractを固定する。,rolling特徴、GRUとの比較。,evaluation_contract_v1_1.dev_calibrated_trifecta_log_loss,proposed_not_added_to_core_decision_experiments,Gate1_then_Gate2_design_review
provisional,false,hypothesis_addendum_sidecar_review_only,ADD-H053,H053,補助教師間の勾配衝突制御,variant_of_existing,H026;H029,親仮説または既存baselineのみ。同一as-of feature集合・同一evaluation contractを固定する。,固定loss weightとの比較。,evaluation_contract_v1_1.dev_calibrated_trifecta_log_loss,proposed_not_added_to_core_decision_experiments,Gate1_then_Gate2_design_review
provisional,false,hypothesis_addendum_sidecar_review_only,ADD-H055,H055,複数情報ビューの整合学習,new_distinct_hypothesis,H016;H019;H012,親仮説または既存baselineのみ。同一as-of feature集合・同一evaluation contractを固定する。,全特徴一括入力との比較。,evaluation_contract_v1_1.dev_calibrated_trifecta_log_loss,proposed_not_added_to_core_decision_experiments,Gate1_then_Gate2_design_review
provisional,false,hypothesis_addendum_sidecar_review_only,ADD-H056,H056,低ランク・テンソル分解型三連単スコアラー,variant_of_existing,H019;H042,親仮説または既存baselineのみ。同一as-of feature集合・同一evaluation contractを固定する。,独立120 head、共有MLPスコアラーとの比較。,evaluation_contract_v1_1.dev_calibrated_trifecta_log_loss,proposed_not_added_to_core_decision_experiments,Gate1_then_Gate2_design_review
provisional,false,hypothesis_addendum_sidecar_review_only,ADD-H058,H058,6艇STの相関分布モデル,variant_of_existing,H025;H027,親仮説または既存baselineのみ。同一as-of feature集合・同一evaluation contractを固定する。,独立Gaussian ST、点予測との比較。,evaluation_contract_v1_1.dev_calibrated_trifecta_log_loss,proposed_not_added_to_core_decision_experiments,Gate1_then_Gate2_design_review
provisional,false,hypothesis_addendum_sidecar_review_only,ADD-H064,H064,統計モデル＋ニューラル残差モデル,variant_of_existing,H018;H019;H016,親仮説または既存baselineのみ。同一as-of feature集合・同一evaluation contractを固定する。,純統計、純ニューラルとの比較。,evaluation_contract_v1_1.dev_calibrated_trifecta_log_loss,proposed_not_added_to_core_decision_experiments,Gate1_then_Gate2_design_review
provisional,false,hypothesis_addendum_sidecar_review_only,ADD-H066,H066,抽選割当を利用した機材効果分離,variant_of_existing,H004;H005;H007,親仮説または既存baselineのみ。同一as-of feature集合・同一evaluation contractを固定する。,通常embedding・公式率との比較。,evaluation_contract_v1_1.dev_calibrated_trifecta_log_loss,proposed_not_added_to_core_decision_experiments,Gate1_then_Gate2_design_review
provisional,false,hypothesis_addendum_sidecar_review_only,ADD-H067,H067,Cross-fitting型・直交化機材効果学習,variant_of_existing,H066;H004;H005,親仮説または既存baselineのみ。同一as-of feature集合・同一evaluation contractを固定する。,通常joint学習との比較。,evaluation_contract_v1_1.dev_calibrated_trifecta_log_loss,proposed_not_added_to_core_decision_experiments,Gate1_then_Gate2_design_review
provisional,false,hypothesis_addendum_sidecar_review_only,ADD-H068,H068,交差階層ベイズ統合戦力モデル,variant_of_existing,H001;H004;H005;H008,親仮説または既存baselineのみ。同一as-of feature集合・同一evaluation contractを固定する。,固定効果、ID embeddingとの比較。,evaluation_contract_v1_1.dev_calibrated_trifecta_log_loss,proposed_not_added_to_core_decision_experiments,Gate1_then_Gate2_design_review
provisional,false,hypothesis_addendum_sidecar_review_only,ADD-H072,H072,6艇相関・潜在パフォーマンス分布,variant_of_existing,H058;H027;H011,親仮説または既存baselineのみ。同一as-of feature集合・同一evaluation contractを固定する。,独立効用・直接Softmaxとの比較。,evaluation_contract_v1_1.dev_calibrated_trifecta_log_loss,proposed_not_added_to_core_decision_experiments,Gate1_then_Gate2_design_review
provisional,false,hypothesis_addendum_sidecar_review_only,ADD-H073,H073,6×6位置割当モデル,variant_of_existing,H020;H015,親仮説または既存baselineのみ。同一as-of feature集合・同一evaluation contractを固定する。,120直接、自己回帰との比較。,evaluation_contract_v1_1.dev_calibrated_trifecta_log_loss,proposed_not_added_to_core_decision_experiments,Gate1_then_Gate2_design_review
provisional,false,hypothesis_addendum_sidecar_review_only,ADD-H079,H079,予測分布Stacking,variant_of_existing,H023,親仮説または既存baselineのみ。同一as-of feature集合・同一evaluation contractを固定する。,単純平均、固定logit平均との比較。,evaluation_contract_v1_1.dev_calibrated_trifecta_log_loss,proposed_not_added_to_core_decision_experiments,Gate1_then_Gate2_design_review
provisional,false,hypothesis_addendum_sidecar_review_only,ADD-H082,H082,複数粒度予測の厳密確率整合・射影,merge_candidate,H039;H015;H017,親仮説または既存baselineのみ。同一as-of feature集合・同一evaluation contractを固定する。,三連単単独、soft consistencyとの比較。,evaluation_contract_v1_1.dev_calibrated_trifecta_log_loss,proposed_not_added_to_core_decision_experiments,Gate1_then_Gate2_design_review
provisional,false,hypothesis_addendum_sidecar_review_only,ADD-H084,H084,Neural Additive＋選択的相互作用モデル,variant_of_existing,H016;H042,親仮説または既存baselineのみ。同一as-of feature集合・同一evaluation contractを固定する。,CatBoost、大型Transformerとの比較。,evaluation_contract_v1_1.dev_calibrated_trifecta_log_loss,proposed_not_added_to_core_decision_experiments,Gate1_then_Gate2_design_review
provisional,false,hypothesis_addendum_sidecar_review_only,ADD-H086,H086,場・グレード・時期の階層的確率校正,new_distinct_hypothesis,H022;H023,親仮説または既存baselineのみ。同一as-of feature集合・同一evaluation contractを固定する。,global temperature、個別校正との比較。,evaluation_contract_v1_1.dev_calibrated_trifecta_log_loss,proposed_not_added_to_core_decision_experiments,Gate1_then_Gate2_design_review
provisional,false,hypothesis_addendum_sidecar_review_only,ADD-H087,H087,SWA／SWAGによる重み空間平均,variant_of_existing,H023;H049,親仮説または既存baselineのみ。同一as-of feature集合・同一evaluation contractを固定する。,best checkpoint、Deep Ensembleとの比較。,evaluation_contract_v1_1.dev_calibrated_trifecta_log_loss,proposed_not_added_to_core_decision_experiments,Gate1_then_Gate2_design_review
provisional,false,hypothesis_addendum_sidecar_review_only,ADD-H089,H089,証拠量に応じた統計事前分布への縮約,variant_of_existing,H064;H045;H049,親仮説または既存baselineのみ。同一as-of feature集合・同一evaluation contractを固定する。,固定残差強度との比較。,evaluation_contract_v1_1.dev_calibrated_trifecta_log_loss,proposed_not_added_to_core_decision_experiments,Gate1_then_Gate2_design_review
provisional,false,hypothesis_addendum_sidecar_review_only,ADD-H094,H094,通常モデルensembleからの自己蒸留,variant_of_existing,H028;H023,親仮説または既存baselineのみ。同一as-of feature集合・同一evaluation contractを固定する。,teacher ensemble、hard-label studentとの比較。,evaluation_contract_v1_1.dev_calibrated_trifecta_log_loss,proposed_not_added_to_core_decision_experiments,Gate1_then_Gate2_design_review
provisional,false,hypothesis_addendum_sidecar_review_only,ADD-H095,H095,Log Loss＋Brierのproper-score複合学習,variant_of_existing,H015,親仮説または既存baselineのみ。同一as-of feature集合・同一evaluation contractを固定する。,Log Loss単独との比較。,evaluation_contract_v1_1.dev_calibrated_trifecta_log_loss,proposed_not_added_to_core_decision_experiments,Gate1_then_Gate2_design_review
provisional,false,hypothesis_addendum_sidecar_review_only,ADD-H097,H097,Cross-fitted逐次logit boosting,variant_of_existing,H064;H016;H019;H021,親仮説または既存baselineのみ。同一as-of feature集合・同一evaluation contractを固定する。,独立学習平均、単一残差との比較。,evaluation_contract_v1_1.dev_calibrated_trifecta_log_loss,proposed_not_added_to_core_decision_experiments,Gate1_then_Gate2_design_review
provisional,false,hypothesis_addendum_sidecar_review_only,ADD-H098,H098,三連単120クラスの出力ラベルグラフ,variant_of_existing,H019;H039;H056,親仮説または既存baselineのみ。同一as-of feature集合・同一evaluation contractを固定する。,ラベルグラフなし共有スコアラーとの比較。,evaluation_contract_v1_1.dev_calibrated_trifecta_log_loss,proposed_not_added_to_core_decision_experiments,Gate1_then_Gate2_design_review
provisional,false,hypothesis_addendum_sidecar_review_only,ADD-H100,H100,艇番号置換に同変な構造化校正器,variant_of_existing,H086;H039,親仮説または既存baselineのみ。同一as-of feature集合・同一evaluation contractを固定する。,global／階層temperature、vector scalingとの比較。,evaluation_contract_v1_1.dev_calibrated_trifecta_log_loss,proposed_not_added_to_core_decision_experiments,Gate1_then_Gate2_design_review
provisional,false,hypothesis_addendum_sidecar_review_only,ADD-H102,H102,Sharpness-Awareな確率モデル学習,variant_of_existing,H087;H019,親仮説または既存baselineのみ。同一as-of feature集合・同一evaluation contractを固定する。,AdamW、SWAとの比較。,evaluation_contract_v1_1.dev_calibrated_trifecta_log_loss,proposed_not_added_to_core_decision_experiments,Gate1_then_Gate2_design_review
provisional,false,hypothesis_addendum_sidecar_review_only,ADD-H103,H103,R-Drop型120確率整合正則化,variant_of_existing,H019;H023,親仮説または既存baselineのみ。同一as-of feature集合・同一evaluation contractを固定する。,通常dropoutとの比較。,evaluation_contract_v1_1.dev_calibrated_trifecta_log_loss,proposed_not_added_to_core_decision_experiments,Gate1_then_Gate2_design_review
provisional,false,hypothesis_addendum_sidecar_review_only,ADD-H108,H108,Cross-fitted苦手レース専門家,variant_of_existing,H040;H065;H023,親仮説または既存baselineのみ。同一as-of feature集合・同一evaluation contractを固定する。,一般MoE、動的ensembleとの比較。,evaluation_contract_v1_1.dev_calibrated_trifecta_log_loss,proposed_not_added_to_core_decision_experiments,Gate1_then_Gate2_design_review
