status,eligible_for_model_training,purpose,venue_code,equipment_type,equipment_number,equipment_number_scope,official_generation_start_date,official_generation_end_date_if_known,evidence_level,evidence_ids,local_min_date,local_max_date,eligible_date_start,eligible_date_end,pre_boundary_policy,generation_key_candidate,materialization_status,requires_gate1_reaudit,candidate_id
provisional,false,official_evidence_import_sidecar_only,01,motor,,all numbers in the venue generation; materialize per observed number after date join,2023-12-28,2025-12-26,B,EV040,2023-09-05,2026-07-18,2023-12-28,2025-12-26,exclude_from_generation_identity_until_separately_resolved,01_motor_{equipment_number}_20231228,planned_not_applied,true,GENCAND:01:motor:20231228
provisional,false,official_evidence_import_sidecar_only,01,motor,,all numbers in the venue generation; materialize per observed number after date join,2025-12-27,,B,EV001,2023-09-05,2026-07-18,2025-12-27,,exclude_from_generation_identity_until_separately_resolved,01_motor_{equipment_number}_20251227,planned_not_applied,true,GENCAND:01:motor:20251227
provisional,false,official_evidence_import_sidecar_only,02,boat,,all numbers in the venue generation; materialize per observed number after date join,2025-08-06,,A,EV003,2023-09-01,2026-07-18,2025-08-06,,exclude_from_generation_identity_until_separately_resolved,02_boat_{equipment_number}_20250806,planned_not_applied,true,GENCAND:02:boat:20250806
provisional,false,official_evidence_import_sidecar_only,02,motor,,all numbers in the venue generation; materialize per observed number after date join,2025-08-06,,A,EV003,2023-09-01,2026-07-18,2025-08-06,,exclude_from_generation_identity_until_separately_resolved,02_motor_{equipment_number}_20250806,planned_not_applied,true,GENCAND:02:motor:20250806
provisional,false,official_evidence_import_sidecar_only,03,boat,,all numbers in the venue generation; materialize per observed number after date join,2025-05-06,2026-05-10,A,EV041,2023-09-02,2026-07-16,2025-05-06,2026-05-10,exclude_from_generation_identity_until_separately_resolved,03_boat_{equipment_number}_20250506,planned_not_applied,true,GENCAND:03:boat:20250506
provisional,false,official_evidence_import_sidecar_only,03,boat,,all numbers in the venue generation; materialize per observed number after date join,2026-05-11,,A,EV004,2023-09-02,2026-07-16,2026-05-11,,exclude_from_generation_identity_until_separately_resolved,03_boat_{equipment_number}_20260511,planned_not_applied,true,GENCAND:03:boat:20260511
provisional,false,official_evidence_import_sidecar_only,03,motor,,all numbers in the venue generation; materialize per observed number after date join,2025-05-06,2026-05-10,A,EV041,2023-09-02,2026-07-16,2025-05-06,2026-05-10,exclude_from_generation_identity_until_separately_resolved,03_motor_{equipment_number}_20250506,planned_not_applied,true,GENCAND:03:motor:20250506
provisional,false,official_evidence_import_sidecar_only,03,motor,,all numbers in the venue generation; materialize per observed number after date join,2026-05-11,,A,EV004,2023-09-02,2026-07-16,2026-05-11,,exclude_from_generation_identity_until_separately_resolved,03_motor_{equipment_number}_20260511,planned_not_applied,true,GENCAND:03:motor:20260511
provisional,false,official_evidence_import_sidecar_only,04,boat,,all numbers in the venue generation; materialize per observed number after date join,2026-06-18,,A,EV005,2023-09-06,2026-07-18,2026-06-18,,exclude_from_generation_identity_until_separately_resolved,04_boat_{equipment_number}_20260618,planned_not_applied,true,GENCAND:04:boat:20260618
provisional,false,official_evidence_import_sidecar_only,04,motor,,all numbers in the venue generation; materialize per observed number after date join,2026-06-18,,A,EV005,2023-09-06,2026-07-18,2026-06-18,,exclude_from_generation_identity_until_separately_resolved,04_motor_{equipment_number}_20260618,planned_not_applied,true,GENCAND:04:motor:20260618
provisional,false,official_evidence_import_sidecar_only,05,boat,,all numbers in the venue generation; materialize per observed number after date join,2026-04-18,,A,EV007,2023-09-05,2026-07-16,2026-04-18,,exclude_from_generation_identity_until_separately_resolved,05_boat_{equipment_number}_20260418,planned_not_applied,true,GENCAND:05:boat:20260418
provisional,false,official_evidence_import_sidecar_only,05,motor,,all numbers in the venue generation; materialize per observed number after date join,2026-04-18,,A,EV006,2023-09-05,2026-07-16,2026-04-18,,exclude_from_generation_identity_until_separately_resolved,05_motor_{equipment_number}_20260418,planned_not_applied,true,GENCAND:05:motor:20260418
provisional,false,official_evidence_import_sidecar_only,06,boat,,all numbers in the venue generation; materialize per observed number after date join,2025-10-08,,A,EV009,2023-09-01,2026-07-15,2025-10-08,,exclude_from_generation_identity_until_separately_resolved,06_boat_{equipment_number}_20251008,planned_not_applied,true,GENCAND:06:boat:20251008
provisional,false,official_evidence_import_sidecar_only,06,motor,,all numbers in the venue generation; materialize per observed number after date join,2026-04-09,,A,EV008,2023-09-01,2026-07-15,2026-04-09,,exclude_from_generation_identity_until_separately_resolved,06_motor_{equipment_number}_20260409,planned_not_applied,true,GENCAND:06:motor:20260409
provisional,false,official_evidence_import_sidecar_only,07,boat,,all numbers in the venue generation; materialize per observed number after date join,2023-07-07,2025-07-18,A,EV042,2023-09-01,2026-07-18,2023-07-07,2025-07-18,exclude_from_generation_identity_until_separately_resolved,07_boat_{equipment_number}_20230707,planned_not_applied,true,GENCAND:07:boat:20230707
provisional,false,official_evidence_import_sidecar_only,07,boat,,all numbers in the venue generation; materialize per observed number after date join,2025-07-19,,A,EV010,2023-09-01,2026-07-18,2025-07-19,,exclude_from_generation_identity_until_separately_resolved,07_boat_{equipment_number}_20250719,planned_not_applied,true,GENCAND:07:boat:20250719
provisional,false,official_evidence_import_sidecar_only,07,motor,,all numbers in the venue generation; materialize per observed number after date join,2023-07-07,2025-07-18,A,EV042,2023-09-01,2026-07-18,2023-07-07,2025-07-18,exclude_from_generation_identity_until_separately_resolved,07_motor_{equipment_number}_20230707,planned_not_applied,true,GENCAND:07:motor:20230707
provisional,false,official_evidence_import_sidecar_only,07,motor,,all numbers in the venue generation; materialize per observed number after date join,2025-07-19,,A,EV010,2023-09-01,2026-07-18,2025-07-19,,exclude_from_generation_identity_until_separately_resolved,07_motor_{equipment_number}_20250719,planned_not_applied,true,GENCAND:07:motor:20250719
provisional,false,official_evidence_import_sidecar_only,08,boat,,all numbers in the venue generation; materialize per observed number after date join,2026-06-29,,A,EV012,2023-09-01,2026-07-18,2026-06-29,,exclude_from_generation_identity_until_separately_resolved,08_boat_{equipment_number}_20260629,planned_not_applied,true,GENCAND:08:boat:20260629
provisional,false,official_evidence_import_sidecar_only,08,motor,,all numbers in the venue generation; materialize per observed number after date join,2025-11-11,,A,EV011,2023-09-01,2026-07-18,2025-11-11,,exclude_from_generation_identity_until_separately_resolved,08_motor_{equipment_number}_20251111,planned_not_applied,true,GENCAND:08:motor:20251111
provisional,false,official_evidence_import_sidecar_only,09,boat,,all numbers in the venue generation; materialize per observed number after date join,2025-12-22,,A,EV014,2023-12-16,2026-07-18,2025-12-22,,exclude_from_generation_identity_until_separately_resolved,09_boat_{equipment_number}_20251222,planned_not_applied,true,GENCAND:09:boat:20251222
provisional,false,official_evidence_import_sidecar_only,09,motor,,all numbers in the venue generation; materialize per observed number after date join,2025-12-22,,A,EV013,2023-12-16,2026-07-18,2025-12-22,,exclude_from_generation_identity_until_separately_resolved,09_motor_{equipment_number}_20251222,planned_not_applied,true,GENCAND:09:motor:20251222
provisional,false,official_evidence_import_sidecar_only,10,boat,,all numbers in the venue generation; materialize per observed number after date join,2026-03-07,,B,EV015,2023-09-01,2026-07-18,2026-03-07,,exclude_from_generation_identity_until_separately_resolved,10_boat_{equipment_number}_20260307,planned_not_applied,true,GENCAND:10:boat:20260307
provisional,false,official_evidence_import_sidecar_only,10,motor,,all numbers in the venue generation; materialize per observed number after date join,2026-03-07,,B,EV015,2023-09-01,2026-07-18,2026-03-07,,exclude_from_generation_identity_until_separately_resolved,10_motor_{equipment_number}_20260307,planned_not_applied,true,GENCAND:10:motor:20260307
provisional,false,official_evidence_import_sidecar_only,11,boat,,all numbers in the venue generation; materialize per observed number after date join,2026-04-08,,A,EV016,2023-09-03,2026-07-18,2026-04-08,,exclude_from_generation_identity_until_separately_resolved,11_boat_{equipment_number}_20260408,planned_not_applied,true,GENCAND:11:boat:20260408
provisional,false,official_evidence_import_sidecar_only,11,motor,,all numbers in the venue generation; materialize per observed number after date join,2026-04-08,,A,EV016,2023-09-03,2026-07-18,2026-04-08,,exclude_from_generation_identity_until_separately_resolved,11_motor_{equipment_number}_20260408,planned_not_applied,true,GENCAND:11:motor:20260408
provisional,false,official_evidence_import_sidecar_only,12,boat,,all numbers in the venue generation; materialize per observed number after date join,2026-03-23,,A,EV018,2023-09-03,2026-07-18,2026-03-23,,exclude_from_generation_identity_until_separately_resolved,12_boat_{equipment_number}_20260323,planned_not_applied,true,GENCAND:12:boat:20260323
provisional,false,official_evidence_import_sidecar_only,12,motor,,all numbers in the venue generation; materialize per observed number after date join,2026-03-23,,A,EV017,2023-09-03,2026-07-18,2026-03-23,,exclude_from_generation_identity_until_separately_resolved,12_motor_{equipment_number}_20260323,planned_not_applied,true,GENCAND:12:motor:20260323
provisional,false,official_evidence_import_sidecar_only,13,boat,,all numbers in the venue generation; materialize per observed number after date join,2026-04-17,,A,EV020,2023-09-01,2026-07-18,2026-04-17,,exclude_from_generation_identity_until_separately_resolved,13_boat_{equipment_number}_20260417,planned_not_applied,true,GENCAND:13:boat:20260417
provisional,false,official_evidence_import_sidecar_only,13,motor,,all numbers in the venue generation; materialize per observed number after date join,2026-04-17,,A,EV019,2023-09-01,2026-07-18,2026-04-17,,exclude_from_generation_identity_until_separately_resolved,13_motor_{equipment_number}_20260417,planned_not_applied,true,GENCAND:13:motor:20260417
provisional,false,official_evidence_import_sidecar_only,14,boat,,all numbers in the venue generation; materialize per observed number after date join,2026-04-11,,A,EV022,2023-09-03,2026-07-13,2026-04-11,,exclude_from_generation_identity_until_separately_resolved,14_boat_{equipment_number}_20260411,planned_not_applied,true,GENCAND:14:boat:20260411
provisional,false,official_evidence_import_sidecar_only,14,motor,,all numbers in the venue generation; materialize per observed number after date join,2026-04-11,,A,EV021,2023-09-03,2026-07-13,2026-04-11,,exclude_from_generation_identity_until_separately_resolved,14_motor_{equipment_number}_20260411,planned_not_applied,true,GENCAND:14:motor:20260411
provisional,false,official_evidence_import_sidecar_only,15,boat,,all numbers in the venue generation; materialize per observed number after date join,2026-07-09,,A,EV024,2023-09-25,2026-07-14,2026-07-09,,exclude_from_generation_identity_until_separately_resolved,15_boat_{equipment_number}_20260709,planned_not_applied,true,GENCAND:15:boat:20260709
provisional,false,official_evidence_import_sidecar_only,15,motor,,all numbers in the venue generation; materialize per observed number after date join,2025-09-03,,A,EV023,2023-09-25,2026-07-14,2025-09-03,,exclude_from_generation_identity_until_separately_resolved,15_motor_{equipment_number}_20250903,planned_not_applied,true,GENCAND:15:motor:20250903
provisional,false,official_evidence_import_sidecar_only,16,boat,,all numbers in the venue generation; materialize per observed number after date join,2025-12-17,,A,EV025,2023-09-01,2026-07-18,2025-12-17,,exclude_from_generation_identity_until_separately_resolved,16_boat_{equipment_number}_20251217,planned_not_applied,true,GENCAND:16:boat:20251217
provisional,false,official_evidence_import_sidecar_only,16,motor,,all numbers in the venue generation; materialize per observed number after date join,2025-12-17,,A,EV025,2023-09-01,2026-07-18,2025-12-17,,exclude_from_generation_identity_until_separately_resolved,16_motor_{equipment_number}_20251217,planned_not_applied,true,GENCAND:16:motor:20251217
provisional,false,official_evidence_import_sidecar_only,17,boat,,all numbers in the venue generation; materialize per observed number after date join,2024-10-20,2025-10-18,A,EV043,2023-09-03,2026-07-18,2024-10-20,2025-10-18,exclude_from_generation_identity_until_separately_resolved,17_boat_{equipment_number}_20241020,planned_not_applied,true,GENCAND:17:boat:20241020
provisional,false,official_evidence_import_sidecar_only,17,boat,,all numbers in the venue generation; materialize per observed number after date join,2025-10-19,,A,EV026,2023-09-03,2026-07-18,2025-10-19,,exclude_from_generation_identity_until_separately_resolved,17_boat_{equipment_number}_20251019,planned_not_applied,true,GENCAND:17:boat:20251019
provisional,false,official_evidence_import_sidecar_only,17,motor,,all numbers in the venue generation; materialize per observed number after date join,2024-10-20,2025-10-18,A,EV043,2023-09-03,2026-07-18,2024-10-20,2025-10-18,exclude_from_generation_identity_until_separately_resolved,17_motor_{equipment_number}_20241020,planned_not_applied,true,GENCAND:17:motor:20241020
provisional,false,official_evidence_import_sidecar_only,17,motor,,all numbers in the venue generation; materialize per observed number after date join,2025-10-19,,A,EV026,2023-09-03,2026-07-18,2025-10-19,,exclude_from_generation_identity_until_separately_resolved,17_motor_{equipment_number}_20251019,planned_not_applied,true,GENCAND:17:motor:20251019
provisional,false,official_evidence_import_sidecar_only,18,boat,,all numbers in the venue generation; materialize per observed number after date join,2025-11-04,,A,EV028,2023-09-01,2026-07-18,2025-11-04,,exclude_from_generation_identity_until_separately_resolved,18_boat_{equipment_number}_20251104,planned_not_applied,true,GENCAND:18:boat:20251104
provisional,false,official_evidence_import_sidecar_only,18,motor,,all numbers in the venue generation; materialize per observed number after date join,2026-04-20,,A,EV027,2023-09-01,2026-07-18,2026-04-20,,exclude_from_generation_identity_until_separately_resolved,18_motor_{equipment_number}_20260420,planned_not_applied,true,GENCAND:18:motor:20260420
provisional,false,official_evidence_import_sidecar_only,19,boat,,all numbers in the venue generation; materialize per observed number after date join,2026-04-29,,A,EV030,2023-09-01,2026-07-13,2026-04-29,,exclude_from_generation_identity_until_separately_resolved,19_boat_{equipment_number}_20260429,planned_not_applied,true,GENCAND:19:boat:20260429
provisional,false,official_evidence_import_sidecar_only,19,motor,,all numbers in the venue generation; materialize per observed number after date join,2026-04-29,,A,EV029,2023-09-01,2026-07-13,2026-04-29,,exclude_from_generation_identity_until_separately_resolved,19_motor_{equipment_number}_20260429,planned_not_applied,true,GENCAND:19:motor:20260429
provisional,false,official_evidence_import_sidecar_only,20,boat,,all numbers in the venue generation; materialize per observed number after date join,2026-06-11,,A,EV032,2023-09-01,2026-07-18,2026-06-11,,exclude_from_generation_identity_until_separately_resolved,20_boat_{equipment_number}_20260611,planned_not_applied,true,GENCAND:20:boat:20260611
provisional,false,official_evidence_import_sidecar_only,20,motor,,all numbers in the venue generation; materialize per observed number after date join,2025-11-26,,A,EV031,2023-09-01,2026-07-18,2025-11-26,,exclude_from_generation_identity_until_separately_resolved,20_motor_{equipment_number}_20251126,planned_not_applied,true,GENCAND:20:motor:20251126
provisional,false,official_evidence_import_sidecar_only,21,boat,,all numbers in the venue generation; materialize per observed number after date join,2026-04-16,,A,EV034,2025-04-23,2026-07-18,2026-04-16,,exclude_from_generation_identity_until_separately_resolved,21_boat_{equipment_number}_20260416,planned_not_applied,true,GENCAND:21:boat:20260416
provisional,false,official_evidence_import_sidecar_only,21,motor,,all numbers in the venue generation; materialize per observed number after date join,2026-04-16,,A,EV033,2023-09-07,2026-07-18,2026-04-16,,exclude_from_generation_identity_until_separately_resolved,21_motor_{equipment_number}_20260416,planned_not_applied,true,GENCAND:21:motor:20260416
provisional,false,official_evidence_import_sidecar_only,22,boat,,all numbers in the venue generation; materialize per observed number after date join,2026-02-18,,A,EV035,2023-09-01,2026-07-15,2026-02-18,,exclude_from_generation_identity_until_separately_resolved,22_boat_{equipment_number}_20260218,planned_not_applied,true,GENCAND:22:boat:20260218
provisional,false,official_evidence_import_sidecar_only,22,motor,,all numbers in the venue generation; materialize per observed number after date join,2026-02-18,,A,EV035,2023-09-01,2026-07-15,2026-02-18,,exclude_from_generation_identity_until_separately_resolved,22_motor_{equipment_number}_20260218,planned_not_applied,true,GENCAND:22:motor:20260218
provisional,false,official_evidence_import_sidecar_only,23,boat,,all numbers in the venue generation; materialize per observed number after date join,2026-03-17,,A,EV037,2023-09-01,2026-07-15,2026-03-17,,exclude_from_generation_identity_until_separately_resolved,23_boat_{equipment_number}_20260317,planned_not_applied,true,GENCAND:23:boat:20260317
provisional,false,official_evidence_import_sidecar_only,23,motor,,all numbers in the venue generation; materialize per observed number after date join,2025-09-05,,A,EV036,2023-09-01,2026-07-15,2025-09-05,,exclude_from_generation_identity_until_separately_resolved,23_motor_{equipment_number}_20250905,planned_not_applied,true,GENCAND:23:motor:20250905
provisional,false,official_evidence_import_sidecar_only,24,boat,,all numbers in the venue generation; materialize per observed number after date join,2026-05-24,,B,EV038,2023-09-01,2026-07-17,2026-05-24,,exclude_from_generation_identity_until_separately_resolved,24_boat_{equipment_number}_20260524,planned_not_applied,true,GENCAND:24:boat:20260524
provisional,false,official_evidence_import_sidecar_only,24,motor,,all numbers in the venue generation; materialize per observed number after date join,2026-05-24,,A,EV039;EV038,2023-09-01,2026-07-17,2026-05-24,,exclude_from_generation_identity_until_separately_resolved,24_motor_{equipment_number}_20260524,planned_not_applied,true,GENCAND:24:motor:20260524
